Date,"Close Price"
"2015-02-05 00:00:00",226.73
"2015-02-05 00:01:00",227.01
"2015-02-05 00:02:00",227.29
"2015-02-05 00:03:00",227.37
"2015-02-05 00:04:00",226.88
"2015-02-05 00:05:00",226.78
"2015-02-05 00:06:00",226.92
"2015-02-05 00:07:00",226.86
"2015-02-05 00:08:00",226.93
"2015-02-05 00:09:00",226.95
"2015-02-05 00:10:00",226.94
"2015-02-05 00:11:00",226.83
"2015-02-05 00:12:00",226.8
"2015-02-05 00:13:00",226.87
"2015-02-05 00:14:00",226.9
"2015-02-05 00:15:00",226.89
"2015-02-05 00:16:00",226.92
"2015-02-05 00:17:00",227.03
"2015-02-05 00:18:00",227.12
"2015-02-05 00:19:00",227.16
"2015-02-05 00:20:00",227.42
"2015-02-05 00:21:00",227.5
"2015-02-05 00:22:00",227.56
"2015-02-05 00:23:00",227.48
"2015-02-05 00:24:00",227.03
"2015-02-05 00:25:00",227.04
"2015-02-05 00:26:00",227.16
"2015-02-05 00:27:00",227.24
"2015-02-05 00:28:00",227.29
"2015-02-05 00:29:00",227.28
"2015-02-05 00:30:00",227.32
"2015-02-05 00:31:00",227.38
"2015-02-05 00:32:00",227.4
"2015-02-05 00:33:00",227.26
"2015-02-05 00:34:00",227.34
"2015-02-05 00:35:00",227.24
"2015-02-05 00:36:00",226.91
"2015-02-05 00:37:00",226.54
"2015-02-05 00:38:00",226.37
"2015-02-05 00:39:00",226.36
"2015-02-05 00:40:00",226.52
"2015-02-05 00:41:00",226.6
"2015-02-05 00:42:00",226.55
"2015-02-05 00:43:00",226.61
"2015-02-05 00:44:00",226.66
"2015-02-05 00:45:00",227.03
"2015-02-05 00:46:00",226.87
"2015-02-05 00:47:00",226.8
"2015-02-05 00:48:00",226.68
"2015-02-05 00:49:00",226.51
"2015-02-05 00:50:00",226.5
"2015-02-05 00:51:00",226.51
"2015-02-05 00:52:00",226.38
"2015-02-05 00:53:00",226.39
"2015-02-05 00:54:00",226.03
"2015-02-05 00:55:00",225.82
"2015-02-05 00:56:00",225.78
"2015-02-05 00:57:00",225.86
"2015-02-05 00:58:00",225.81
"2015-02-05 00:59:00",225.87
"2015-02-05 01:00:00",225.83
"2015-02-05 01:01:00",226
"2015-02-05 01:02:00",226.02
"2015-02-05 01:03:00",225.95
"2015-02-05 01:04:00",225.91
"2015-02-05 01:05:00",226.32
"2015-02-05 01:06:00",226.39
"2015-02-05 01:07:00",226.79
"2015-02-05 01:08:00",226.77
"2015-02-05 01:09:00",226.79
"2015-02-05 01:10:00",226.68
"2015-02-05 01:11:00",226.57
"2015-02-05 01:12:00",226.51
"2015-02-05 01:13:00",226.38
"2015-02-05 01:14:00",226.39
"2015-02-05 01:15:00",226.57
"2015-02-05 01:16:00",226.48
"2015-02-05 01:17:00",226.39
"2015-02-05 01:18:00",226.54
"2015-02-05 01:19:00",226.61
"2015-02-05 01:20:00",226.61
"2015-02-05 01:21:00",226.81
"2015-02-05 01:22:00",227.08
"2015-02-05 01:23:00",226.96
"2015-02-05 01:24:00",226.85
"2015-02-05 01:25:00",226.8
"2015-02-05 01:26:00",226.7
"2015-02-05 01:27:00",226.65
"2015-02-05 01:28:00",226.41
"2015-02-05 01:29:00",226.44
"2015-02-05 01:30:00",226.53
"2015-02-05 01:31:00",226.51
"2015-02-05 01:32:00",226.55
"2015-02-05 01:33:00",226.55
"2015-02-05 01:34:00",226.67
"2015-02-05 01:35:00",226.65
"2015-02-05 01:36:00",226.73
"2015-02-05 01:37:00",226.85
"2015-02-05 01:38:00",227.06
"2015-02-05 01:39:00",226.98
"2015-02-05 01:40:00",227.11
"2015-02-05 01:41:00",227.18
"2015-02-05 01:42:00",227.22
"2015-02-05 01:43:00",227.21
"2015-02-05 01:44:00",227.17
"2015-02-05 01:45:00",227.28
"2015-02-05 01:46:00",227.42
"2015-02-05 01:47:00",227.44
"2015-02-05 01:48:00",227.64
"2015-02-05 01:49:00",227.66
"2015-02-05 01:50:00",227.85
"2015-02-05 01:51:00",227.87
"2015-02-05 01:52:00",227.76
"2015-02-05 01:53:00",227.57
"2015-02-05 01:54:00",227.7
"2015-02-05 01:55:00",227.72
"2015-02-05 01:56:00",227.72
"2015-02-05 01:57:00",227.64
"2015-02-05 01:58:00",227.76
"2015-02-05 01:59:00",227.68
"2015-02-05 02:00:00",227.68
"2015-02-05 02:01:00",227.75
"2015-02-05 02:02:00",227.75
"2015-02-05 02:03:00",227.8
"2015-02-05 02:04:00",227.7
"2015-02-05 02:05:00",227.63
"2015-02-05 02:06:00",227.64
"2015-02-05 02:07:00",227.64
"2015-02-05 02:08:00",227.59
"2015-02-05 02:09:00",227.61
"2015-02-05 02:10:00",227.72
"2015-02-05 02:11:00",227.88
"2015-02-05 02:12:00",227.83
"2015-02-05 02:13:00",227.93
"2015-02-05 02:14:00",227.76
"2015-02-05 02:15:00",227.77
"2015-02-05 02:16:00",227.94
"2015-02-05 02:17:00",227.96
"2015-02-05 02:18:00",227.89
"2015-02-05 02:19:00",227.96
"2015-02-05 02:20:00",227.83
"2015-02-05 02:21:00",227.73
"2015-02-05 02:22:00",227.85
"2015-02-05 02:23:00",227.86
"2015-02-05 02:24:00",227.7
"2015-02-05 02:25:00",227.77
"2015-02-05 02:26:00",227.6
"2015-02-05 02:27:00",227.46
"2015-02-05 02:28:00",227.39
"2015-02-05 02:29:00",227.37
"2015-02-05 02:30:00",227.3
"2015-02-05 02:31:00",227.38
"2015-02-05 02:32:00",227.44
"2015-02-05 02:33:00",227.33
"2015-02-05 02:34:00",227.31
"2015-02-05 02:35:00",227.32
"2015-02-05 02:36:00",227.44
"2015-02-05 02:37:00",227.35
"2015-02-05 02:38:00",227.38
"2015-02-05 02:39:00",227.38
"2015-02-05 02:40:00",227.38
"2015-02-05 02:41:00",227.38
"2015-02-05 02:42:00",227.35
"2015-02-05 02:43:00",227.36
"2015-02-05 02:44:00",227.38
"2015-02-05 02:45:00",227.4
"2015-02-05 02:46:00",227.39
"2015-02-05 02:47:00",227.4
"2015-02-05 02:48:00",227.49
"2015-02-05 02:49:00",227.42
"2015-02-05 02:50:00",227.39
"2015-02-05 02:51:00",227.28
"2015-02-05 02:52:00",227.41
"2015-02-05 02:53:00",227.31
"2015-02-05 02:54:00",227.23
"2015-02-05 02:55:00",227.23
"2015-02-05 02:56:00",227.26
"2015-02-05 02:57:00",227.26
"2015-02-05 02:58:00",227.25
"2015-02-05 02:59:00",227.22
"2015-02-05 03:00:00",227.19
"2015-02-05 03:01:00",227.34
"2015-02-05 03:02:00",227.21
"2015-02-05 03:03:00",227.2
"2015-02-05 03:04:00",227.27
"2015-02-05 03:05:00",227.27
"2015-02-05 03:06:00",227.31
"2015-02-05 03:07:00",227.4
"2015-02-05 03:08:00",227.28
"2015-02-05 03:09:00",227.33
"2015-02-05 03:10:00",227.26
"2015-02-05 03:11:00",227.18
"2015-02-05 03:12:00",227.14
"2015-02-05 03:13:00",227.1
"2015-02-05 03:14:00",227.1
"2015-02-05 03:15:00",226.96
"2015-02-05 03:16:00",226.92
"2015-02-05 03:17:00",226.99
"2015-02-05 03:18:00",226.95
"2015-02-05 03:19:00",226.96
"2015-02-05 03:20:00",226.92
"2015-02-05 03:21:00",227.03
"2015-02-05 03:22:00",227.19
"2015-02-05 03:23:00",227.17
"2015-02-05 03:24:00",227.19
"2015-02-05 03:25:00",227.24
"2015-02-05 03:26:00",227.25
"2015-02-05 03:27:00",227.09
"2015-02-05 03:28:00",227.09
"2015-02-05 03:29:00",226.95
"2015-02-05 03:30:00",226.97
"2015-02-05 03:31:00",227
"2015-02-05 03:32:00",227.02
"2015-02-05 03:33:00",227
"2015-02-05 03:34:00",227.04
"2015-02-05 03:35:00",227.04
"2015-02-05 03:36:00",227.11
"2015-02-05 03:37:00",226.52
"2015-02-05 03:38:00",227.25
"2015-02-05 03:39:00",227.41
"2015-02-05 03:40:00",227.35
"2015-02-05 03:41:00",227.35
"2015-02-05 03:42:00",227.31
"2015-02-05 03:43:00",227.31
"2015-02-05 03:44:00",227.18
"2015-02-05 03:45:00",227.25
"2015-02-05 03:46:00",227.3
"2015-02-05 03:47:00",227.11
"2015-02-05 03:48:00",227.13
"2015-02-05 03:49:00",227.04
"2015-02-05 03:50:00",227.13
"2015-02-05 03:51:00",227.02
"2015-02-05 03:52:00",227.09
"2015-02-05 03:53:00",226.9
"2015-02-05 03:54:00",226.3
"2015-02-05 03:55:00",226.88
"2015-02-05 03:56:00",226.82
"2015-02-05 03:57:00",226.79
"2015-02-05 03:58:00",226.66
"2015-02-05 03:59:00",226.61
"2015-02-05 04:00:00",226.55
"2015-02-05 04:01:00",226.52
"2015-02-05 04:02:00",226.53
"2015-02-05 04:03:00",226.65
"2015-02-05 04:04:00",226.83
"2015-02-05 04:05:00",226.77
"2015-02-05 04:06:00",226.74
"2015-02-05 04:07:00",226.78
"2015-02-05 04:08:00",226.79
"2015-02-05 04:09:00",226.82
"2015-02-05 04:10:00",226.95
"2015-02-05 04:11:00",227.01
"2015-02-05 04:12:00",226.96
"2015-02-05 04:13:00",226.97
"2015-02-05 04:14:00",226.97
"2015-02-05 04:15:00",227
"2015-02-05 04:16:00",227.01
"2015-02-05 04:17:00",227.15
"2015-02-05 04:18:00",227.16
"2015-02-05 04:19:00",227.17
"2015-02-05 04:20:00",227.12
"2015-02-05 04:21:00",227.1
"2015-02-05 04:22:00",227.14
"2015-02-05 04:23:00",227.15
"2015-02-05 04:24:00",227.21
"2015-02-05 04:25:00",227.18
"2015-02-05 04:26:00",227.22
"2015-02-05 04:27:00",227.07
"2015-02-05 04:28:00",227.11
"2015-02-05 04:29:00",227.13
"2015-02-05 04:30:00",227.13
"2015-02-05 04:31:00",227.1
"2015-02-05 04:32:00",227.11
"2015-02-05 04:33:00",227.19
"2015-02-05 04:34:00",227.17
"2015-02-05 04:35:00",227.17
"2015-02-05 04:36:00",227.26
"2015-02-05 04:37:00",226.98
"2015-02-05 04:38:00",227.04
"2015-02-05 04:39:00",227.06
"2015-02-05 04:40:00",227.13
"2015-02-05 04:41:00",227.11
"2015-02-05 04:42:00",227.11
"2015-02-05 04:43:00",227.09
"2015-02-05 04:44:00",226.96
"2015-02-05 04:45:00",226.89
"2015-02-05 04:46:00",226.76
"2015-02-05 04:47:00",226.71
"2015-02-05 04:48:00",226.74
"2015-02-05 04:49:00",226.63
"2015-02-05 04:50:00",226.69
"2015-02-05 04:51:00",226.64
"2015-02-05 04:52:00",226.26
"2015-02-05 04:53:00",225.29
"2015-02-05 04:54:00",224.93
"2015-02-05 04:55:00",225.01
"2015-02-05 04:56:00",225.14
"2015-02-05 04:57:00",225.25
"2015-02-05 04:58:00",225.51
"2015-02-05 04:59:00",225.49
"2015-02-05 05:00:00",225.47
"2015-02-05 05:01:00",225.36
"2015-02-05 05:02:00",225.38
"2015-02-05 05:03:00",225.45
"2015-02-05 05:04:00",225.46
"2015-02-05 05:05:00",225.46
"2015-02-05 05:06:00",225.61
"2015-02-05 05:07:00",225.66
"2015-02-05 05:08:00",225.75
"2015-02-05 05:09:00",225.81
"2015-02-05 05:10:00",225.59
"2015-02-05 05:11:00",225.45
"2015-02-05 05:12:00",225.55
"2015-02-05 05:13:00",225.53
"2015-02-05 05:14:00",225.51
"2015-02-05 05:15:00",225.47
"2015-02-05 05:16:00",225.5
"2015-02-05 05:17:00",225.37
"2015-02-05 05:18:00",225.39
"2015-02-05 05:19:00",225.31
"2015-02-05 05:20:00",225.31
"2015-02-05 05:21:00",225.18
"2015-02-05 05:22:00",224.89
"2015-02-05 05:23:00",224.55
"2015-02-05 05:24:00",224.34
"2015-02-05 05:25:00",224.27
"2015-02-05 05:26:00",224.21
"2015-02-05 05:27:00",224.22
"2015-02-05 05:28:00",224.24
"2015-02-05 05:29:00",224.19
"2015-02-05 05:30:00",224.27
"2015-02-05 05:31:00",224.31
"2015-02-05 05:32:00",224.39
"2015-02-05 05:33:00",224.51
"2015-02-05 05:34:00",224.68
"2015-02-05 05:35:00",225.08
"2015-02-05 05:36:00",225.08
"2015-02-05 05:37:00",225.04
"2015-02-05 05:38:00",225.08
"2015-02-05 05:39:00",224.77
"2015-02-05 05:40:00",224.82
"2015-02-05 05:41:00",224.66
"2015-02-05 05:42:00",224.55
"2015-02-05 05:43:00",224.25
"2015-02-05 05:44:00",224.03
"2015-02-05 05:45:00",224.1
"2015-02-05 05:46:00",224.15
"2015-02-05 05:47:00",224.24
"2015-02-05 05:48:00",224.34
"2015-02-05 05:49:00",224.26
"2015-02-05 05:50:00",224.21
"2015-02-05 05:51:00",224.27
"2015-02-05 05:52:00",224.21
"2015-02-05 05:53:00",224.09
"2015-02-05 05:54:00",224.1
"2015-02-05 05:55:00",224.05
"2015-02-05 05:56:00",224.1
"2015-02-05 05:57:00",224.05
"2015-02-05 05:58:00",224.04
"2015-02-05 05:59:00",224.14
"2015-02-05 06:00:00",224.12
"2015-02-05 06:01:00",224.03
"2015-02-05 06:02:00",224.07
"2015-02-05 06:03:00",223.92
"2015-02-05 06:04:00",223.79
"2015-02-05 06:05:00",223.82
"2015-02-05 06:06:00",223.85
"2015-02-05 06:07:00",223.98
"2015-02-05 06:08:00",223.96
"2015-02-05 06:09:00",223.95
"2015-02-05 06:10:00",223.94
"2015-02-05 06:11:00",224.11
"2015-02-05 06:12:00",224.2
"2015-02-05 06:13:00",224.28
"2015-02-05 06:14:00",224.43
"2015-02-05 06:15:00",224.54
"2015-02-05 06:16:00",224.81
"2015-02-05 06:17:00",224.98
"2015-02-05 06:18:00",225.01
"2015-02-05 06:19:00",225.03
"2015-02-05 06:20:00",224.95
"2015-02-05 06:21:00",224.82
"2015-02-05 06:22:00",224.64
"2015-02-05 06:23:00",224.46
"2015-02-05 06:24:00",224.47
"2015-02-05 06:25:00",224.53
"2015-02-05 06:26:00",224.57
"2015-02-05 06:27:00",224.68
"2015-02-05 06:28:00",224.74
"2015-02-05 06:29:00",224.75
"2015-02-05 06:30:00",224.81
"2015-02-05 06:31:00",224.73
"2015-02-05 06:32:00",224.83
"2015-02-05 06:33:00",224.86
"2015-02-05 06:34:00",224.96
"2015-02-05 06:35:00",224.97
"2015-02-05 06:36:00",224.97
"2015-02-05 06:37:00",224.89
"2015-02-05 06:38:00",224.87
"2015-02-05 06:39:00",224.85
"2015-02-05 06:40:00",224.8
"2015-02-05 06:41:00",224.69
"2015-02-05 06:42:00",224.49
"2015-02-05 06:43:00",224.45
"2015-02-05 06:44:00",224.34
"2015-02-05 06:45:00",224.32
"2015-02-05 06:46:00",224.2
"2015-02-05 06:47:00",224.34
"2015-02-05 06:48:00",224.23
"2015-02-05 06:49:00",224.28
"2015-02-05 06:50:00",224.26
"2015-02-05 06:51:00",224.32
"2015-02-05 06:52:00",224.24
"2015-02-05 06:53:00",224.22
"2015-02-05 06:54:00",224.27
"2015-02-05 06:55:00",224.35
"2015-02-05 06:56:00",224.36
"2015-02-05 06:57:00",224.43
"2015-02-05 06:58:00",224.41
"2015-02-05 06:59:00",224.34
"2015-02-05 07:00:00",224.3
"2015-02-05 07:01:00",224.24
"2015-02-05 07:02:00",223.75
"2015-02-05 07:03:00",223.7
"2015-02-05 07:04:00",223.71
"2015-02-05 07:05:00",223.57
"2015-02-05 07:06:00",223.4
"2015-02-05 07:07:00",223.4
"2015-02-05 07:08:00",223.5
"2015-02-05 07:09:00",223.52
"2015-02-05 07:10:00",223.78
"2015-02-05 07:11:00",224.1
"2015-02-05 07:12:00",224.17
"2015-02-05 07:13:00",224.18
"2015-02-05 07:14:00",224.32
"2015-02-05 07:15:00",224.41
"2015-02-05 07:16:00",224.8
"2015-02-05 07:17:00",224.98
"2015-02-05 07:18:00",225.06
"2015-02-05 07:19:00",225.69
"2015-02-05 07:20:00",225.76
"2015-02-05 07:21:00",225.87
"2015-02-05 07:22:00",226.12
"2015-02-05 07:23:00",226.29
"2015-02-05 07:24:00",225.85
"2015-02-05 07:25:00",225.91
"2015-02-05 07:26:00",225.9
"2015-02-05 07:27:00",225.75
"2015-02-05 07:28:00",225.71
"2015-02-05 07:29:00",225.82
"2015-02-05 07:30:00",225.68
"2015-02-05 07:31:00",225.7
"2015-02-05 07:32:00",225.82
"2015-02-05 07:33:00",225.78
"2015-02-05 07:34:00",225.77
"2015-02-05 07:35:00",225.77
"2015-02-05 07:36:00",225.68
"2015-02-05 07:37:00",225.58
"2015-02-05 07:38:00",225.67
"2015-02-05 07:39:00",225.79
"2015-02-05 07:40:00",225.74
"2015-02-05 07:41:00",225.87
"2015-02-05 07:42:00",225.96
"2015-02-05 07:43:00",225.89
"2015-02-05 07:44:00",225.96
"2015-02-05 07:45:00",226.05
"2015-02-05 07:46:00",226.35
"2015-02-05 07:47:00",226.65
"2015-02-05 07:48:00",226.61
"2015-02-05 07:49:00",226.57
"2015-02-05 07:50:00",226.34
"2015-02-05 07:51:00",226.37
"2015-02-05 07:52:00",226.29
"2015-02-05 07:53:00",226.34
"2015-02-05 07:54:00",226.31
"2015-02-05 07:55:00",226.37
"2015-02-05 07:56:00",226.32
"2015-02-05 07:57:00",226.46
"2015-02-05 07:58:00",226.34
"2015-02-05 07:59:00",226.29
"2015-02-05 08:00:00",226.32
"2015-02-05 08:01:00",226.38
"2015-02-05 08:02:00",226.42
"2015-02-05 08:03:00",226.5
"2015-02-05 08:04:00",226.55
"2015-02-05 08:05:00",226.48
"2015-02-05 08:06:00",226.6
"2015-02-05 08:07:00",226.6
"2015-02-05 08:08:00",226.56
"2015-02-05 08:09:00",226.56
"2015-02-05 08:10:00",226.54
"2015-02-05 08:11:00",226.61
"2015-02-05 08:12:00",226.59
"2015-02-05 08:13:00",226.56
"2015-02-05 08:14:00",226.54
"2015-02-05 08:15:00",226.62
"2015-02-05 08:16:00",226.51
"2015-02-05 08:17:00",226.67
"2015-02-05 08:18:00",227.01
"2015-02-05 08:19:00",227.26
"2015-02-05 08:20:00",227.41
"2015-02-05 08:21:00",227.32
"2015-02-05 08:22:00",227.05
"2015-02-05 08:23:00",226.78
"2015-02-05 08:24:00",226.87
"2015-02-05 08:25:00",226.73
"2015-02-05 08:26:00",226.5
"2015-02-05 08:27:00",226.56
"2015-02-05 08:28:00",226.58
"2015-02-05 08:29:00",226.55
"2015-02-05 08:30:00",226.49
"2015-02-05 08:31:00",226.13
"2015-02-05 08:32:00",226.25
"2015-02-05 08:33:00",226.11
"2015-02-05 08:34:00",225.66
"2015-02-05 08:35:00",225.6
"2015-02-05 08:36:00",225.71
"2015-02-05 08:37:00",225.73
"2015-02-05 08:38:00",225.75
"2015-02-05 08:39:00",225.81
"2015-02-05 08:40:00",225.82
"2015-02-05 08:41:00",225.74
"2015-02-05 08:42:00",225.57
"2015-02-05 08:43:00",225.61
"2015-02-05 08:44:00",225.61
"2015-02-05 08:45:00",225.64
"2015-02-05 08:46:00",225.61
"2015-02-05 08:47:00",225.63
"2015-02-05 08:48:00",225.58
"2015-02-05 08:49:00",225.76
"2015-02-05 08:50:00",225.67
"2015-02-05 08:51:00",225.78
"2015-02-05 08:52:00",225.83
"2015-02-05 08:53:00",225.91
"2015-02-05 08:54:00",225.95
"2015-02-05 08:55:00",225.87
"2015-02-05 08:56:00",225.8
"2015-02-05 08:57:00",225.66
"2015-02-05 08:58:00",225.5
"2015-02-05 08:59:00",225.43
"2015-02-05 09:00:00",225.34
"2015-02-05 09:01:00",225.39
"2015-02-05 09:02:00",225.41
"2015-02-05 09:03:00",225.66
"2015-02-05 09:04:00",225.74
"2015-02-05 09:05:00",225.84
"2015-02-05 09:06:00",225.9
"2015-02-05 09:07:00",226.01
"2015-02-05 09:08:00",225.89
"2015-02-05 09:09:00",225.77
"2015-02-05 09:10:00",225.87
"2015-02-05 09:11:00",225.76
"2015-02-05 09:12:00",225.96
"2015-02-05 09:13:00",225.91
"2015-02-05 09:14:00",225.81
"2015-02-05 09:15:00",225.92
"2015-02-05 09:16:00",225.82
"2015-02-05 09:17:00",225.76
"2015-02-05 09:18:00",225.57
"2015-02-05 09:19:00",224.97
"2015-02-05 09:20:00",224.72
"2015-02-05 09:21:00",224.52
"2015-02-05 09:22:00",224.8
"2015-02-05 09:23:00",224.84
"2015-02-05 09:24:00",224.82
"2015-02-05 09:25:00",224.99
"2015-02-05 09:26:00",224.87
"2015-02-05 09:27:00",224.85
"2015-02-05 09:28:00",224.8
"2015-02-05 09:29:00",224.74
"2015-02-05 09:30:00",224.78
"2015-02-05 09:31:00",224.8
"2015-02-05 09:32:00",224.83
"2015-02-05 09:33:00",224.8
"2015-02-05 09:34:00",224.72
"2015-02-05 09:35:00",224.7
"2015-02-05 09:36:00",224.72
"2015-02-05 09:37:00",224.69
"2015-02-05 09:38:00",224.68
"2015-02-05 09:39:00",224.69
"2015-02-05 09:40:00",224.66
"2015-02-05 09:41:00",224.52
"2015-02-05 09:42:00",224.32
"2015-02-05 09:43:00",224.1
"2015-02-05 09:44:00",224.16
"2015-02-05 09:45:00",224.32
"2015-02-05 09:46:00",224.21
"2015-02-05 09:47:00",224.41
"2015-02-05 09:48:00",224.31
"2015-02-05 09:49:00",224.45
"2015-02-05 09:50:00",224.38
"2015-02-05 09:51:00",224.53
"2015-02-05 09:52:00",224.49
"2015-02-05 09:53:00",224.4
"2015-02-05 09:54:00",224.46
"2015-02-05 09:55:00",224.45
"2015-02-05 09:56:00",224.62
"2015-02-05 09:57:00",224.65
"2015-02-05 09:58:00",224.77
"2015-02-05 09:59:00",225.09
"2015-02-05 10:00:00",225.07
"2015-02-05 10:01:00",225.11
"2015-02-05 10:02:00",225.34
"2015-02-05 10:03:00",225.36
"2015-02-05 10:04:00",225.39
"2015-02-05 10:05:00",225.53
"2015-02-05 10:06:00",225.56
"2015-02-05 10:07:00",225.57
"2015-02-05 10:08:00",225.79
"2015-02-05 10:09:00",225.69
"2015-02-05 10:10:00",225.8
"2015-02-05 10:11:00",226.01
"2015-02-05 10:12:00",226
"2015-02-05 10:13:00",225.86
"2015-02-05 10:14:00",225.86
"2015-02-05 10:15:00",225.84
"2015-02-05 10:16:00",225.78
"2015-02-05 10:17:00",225.62
"2015-02-05 10:18:00",225.51
"2015-02-05 10:19:00",225.58
"2015-02-05 10:20:00",225.53
"2015-02-05 10:21:00",225.51
"2015-02-05 10:22:00",225.61
"2015-02-05 10:23:00",225.47
"2015-02-05 10:24:00",225.56
"2015-02-05 10:25:00",225.78
"2015-02-05 10:26:00",225.94
"2015-02-05 10:27:00",225.8
"2015-02-05 10:28:00",225.8
"2015-02-05 10:29:00",225.89
"2015-02-05 10:30:00",225.71
"2015-02-05 10:31:00",225.64
"2015-02-05 10:32:00",225.78
"2015-02-05 10:33:00",225.73
"2015-02-05 10:34:00",225.89
"2015-02-05 10:35:00",225.75
"2015-02-05 10:36:00",225.78
"2015-02-05 10:37:00",225.81
"2015-02-05 10:38:00",225.96
"2015-02-05 10:39:00",225.82
"2015-02-05 10:40:00",225.77
"2015-02-05 10:41:00",225.75
"2015-02-05 10:42:00",225.77
"2015-02-05 10:43:00",225.73
"2015-02-05 10:44:00",225.66
"2015-02-05 10:45:00",225.67
"2015-02-05 10:46:00",225.6
"2015-02-05 10:47:00",225.59
"2015-02-05 10:48:00",225.75
"2015-02-05 10:49:00",225.69
"2015-02-05 10:50:00",225.96
"2015-02-05 10:51:00",226.2
"2015-02-05 10:52:00",226.15
"2015-02-05 10:53:00",226.15
"2015-02-05 10:54:00",226.05
"2015-02-05 10:55:00",226.16
"2015-02-05 10:56:00",226.16
"2015-02-05 10:57:00",226.16
"2015-02-05 10:58:00",226.23
"2015-02-05 10:59:00",226.23
"2015-02-05 11:00:00",226.19
"2015-02-05 11:01:00",226.24
"2015-02-05 11:02:00",226.22
"2015-02-05 11:03:00",225.99
"2015-02-05 11:04:00",225.89
"2015-02-05 11:05:00",225.84
"2015-02-05 11:06:00",225.81
"2015-02-05 11:07:00",225.82
"2015-02-05 11:08:00",225.87
"2015-02-05 11:09:00",225.87
"2015-02-05 11:10:00",225.84
"2015-02-05 11:11:00",225.66
"2015-02-05 11:12:00",225.54
"2015-02-05 11:13:00",225.38
"2015-02-05 11:14:00",225.38
"2015-02-05 11:15:00",225.06
"2015-02-05 11:16:00",225.18
"2015-02-05 11:17:00",224.88
"2015-02-05 11:18:00",224.92
"2015-02-05 11:19:00",225.04
"2015-02-05 11:20:00",225.1
"2015-02-05 11:21:00",225.06
"2015-02-05 11:22:00",225.12
"2015-02-05 11:23:00",225.13
"2015-02-05 11:24:00",225.18
"2015-02-05 11:25:00",225.1
"2015-02-05 11:26:00",225.12
"2015-02-05 11:27:00",225.21
"2015-02-05 11:28:00",225.14
"2015-02-05 11:29:00",225.15
"2015-02-05 11:30:00",225.24
"2015-02-05 11:31:00",225.23
"2015-02-05 11:32:00",225.17
"2015-02-05 11:33:00",225.25
"2015-02-05 11:34:00",225.08
"2015-02-05 11:35:00",225.17
"2015-02-05 11:36:00",225.31
"2015-02-05 11:37:00",225.52
"2015-02-05 11:38:00",225.38
"2015-02-05 11:39:00",225.46
"2015-02-05 11:40:00",225.37
"2015-02-05 11:41:00",225.38
"2015-02-05 11:42:00",225.4
"2015-02-05 11:43:00",225.4
"2015-02-05 11:44:00",225.43
"2015-02-05 11:45:00",225.39
"2015-02-05 11:46:00",225.45
"2015-02-05 11:47:00",225.45
"2015-02-05 11:48:00",225.38
"2015-02-05 11:49:00",225.52
"2015-02-05 11:50:00",225.67
"2015-02-05 11:51:00",225.86
"2015-02-05 11:52:00",226.02
"2015-02-05 11:53:00",225.76
"2015-02-05 11:54:00",225.43
"2015-02-05 11:55:00",225.43
"2015-02-05 11:56:00",225.44
"2015-02-05 11:57:00",225.51
"2015-02-05 11:58:00",225.57
"2015-02-05 11:59:00",225.7
"2015-02-05 12:00:00",225.8
"2015-02-05 12:01:00",225.76
"2015-02-05 12:02:00",225.75
"2015-02-05 12:03:00",225.64
"2015-02-05 12:04:00",225.57
"2015-02-05 12:05:00",225.58
"2015-02-05 12:06:00",225.55
"2015-02-05 12:07:00",225.55
"2015-02-05 12:08:00",225.54
"2015-02-05 12:09:00",225.68
"2015-02-05 12:10:00",225.59
"2015-02-05 12:11:00",225.53
"2015-02-05 12:12:00",225.57
"2015-02-05 12:13:00",225.51
"2015-02-05 12:14:00",225.57
"2015-02-05 12:15:00",225.56
"2015-02-05 12:16:00",225.5
"2015-02-05 12:17:00",225.62
"2015-02-05 12:18:00",225.52
"2015-02-05 12:19:00",225.52
"2015-02-05 12:20:00",225.49
"2015-02-05 12:21:00",225.62
"2015-02-05 12:22:00",225.39
"2015-02-05 12:23:00",225.32
"2015-02-05 12:24:00",225.35
"2015-02-05 12:25:00",225.31
"2015-02-05 12:26:00",225.2
"2015-02-05 12:27:00",225.13
"2015-02-05 12:28:00",224.98
"2015-02-05 12:29:00",225.05
"2015-02-05 12:30:00",224.91
"2015-02-05 12:31:00",224.84
"2015-02-05 12:32:00",224.75
"2015-02-05 12:33:00",224.73
"2015-02-05 12:34:00",224.81
"2015-02-05 12:35:00",224.77
"2015-02-05 12:36:00",224.77
"2015-02-05 12:37:00",224.78
"2015-02-05 12:38:00",224.8
"2015-02-05 12:39:00",224.81
"2015-02-05 12:40:00",224.86
"2015-02-05 12:41:00",224.85
"2015-02-05 12:42:00",224.89
"2015-02-05 12:43:00",224.96
"2015-02-05 12:44:00",224.98
"2015-02-05 12:45:00",225.45
"2015-02-05 12:46:00",225.69
"2015-02-05 12:47:00",225.61
"2015-02-05 12:48:00",225.49
"2015-02-05 12:49:00",225.38
"2015-02-05 12:50:00",225.3
"2015-02-05 12:51:00",225.26
"2015-02-05 12:52:00",225.27
"2015-02-05 12:53:00",225.18
"2015-02-05 12:54:00",225.16
"2015-02-05 12:55:00",225.11
"2015-02-05 12:56:00",224.97
"2015-02-05 12:57:00",224.94
"2015-02-05 12:58:00",224.94
"2015-02-05 12:59:00",224.98
"2015-02-05 13:00:00",224.84
"2015-02-05 13:01:00",224.82
"2015-02-05 13:02:00",224.92
"2015-02-05 13:03:00",224.99
"2015-02-05 13:04:00",224.92
"2015-02-05 13:05:00",224.96
"2015-02-05 13:06:00",225.02
"2015-02-05 13:07:00",225.03
"2015-02-05 13:08:00",225.05
"2015-02-05 13:09:00",225.07
"2015-02-05 13:10:00",224.86
"2015-02-05 13:11:00",224.53
"2015-02-05 13:12:00",224.48
"2015-02-05 13:13:00",224.54
"2015-02-05 13:14:00",224.74
"2015-02-05 13:15:00",224.59
"2015-02-05 13:16:00",224.54
"2015-02-05 13:17:00",224.44
"2015-02-05 13:18:00",224.27
"2015-02-05 13:19:00",224.26
"2015-02-05 13:20:00",224.26
"2015-02-05 13:21:00",224.05
"2015-02-05 13:22:00",224.04
"2015-02-05 13:23:00",224.2
"2015-02-05 13:24:00",224.32
"2015-02-05 13:25:00",224.31
"2015-02-05 13:26:00",224.44
"2015-02-05 13:27:00",224.45
"2015-02-05 13:28:00",224.41
"2015-02-05 13:29:00",224.64
"2015-02-05 13:30:00",224.53
"2015-02-05 13:31:00",224.46
"2015-02-05 13:32:00",224.5
"2015-02-05 13:33:00",224.44
"2015-02-05 13:34:00",224.51
"2015-02-05 13:35:00",224.49
"2015-02-05 13:36:00",224.52
"2015-02-05 13:37:00",224.54
"2015-02-05 13:38:00",224.52
"2015-02-05 13:39:00",224.51
"2015-02-05 13:40:00",224.55
"2015-02-05 13:41:00",224.56
"2015-02-05 13:42:00",224.53
"2015-02-05 13:43:00",224.58
"2015-02-05 13:44:00",224.58
"2015-02-05 13:45:00",224.4
"2015-02-05 13:46:00",224.04
"2015-02-05 13:47:00",223.88
"2015-02-05 13:48:00",223.99
"2015-02-05 13:49:00",224.25
"2015-02-05 13:50:00",224.19
"2015-02-05 13:51:00",224.4
"2015-02-05 13:52:00",224.49
"2015-02-05 13:53:00",224.81
"2015-02-05 13:54:00",224.88
"2015-02-05 13:55:00",224.79
"2015-02-05 13:56:00",224.77
"2015-02-05 13:57:00",224.67
"2015-02-05 13:58:00",224.62
"2015-02-05 13:59:00",224.71
"2015-02-05 14:00:00",224.76
"2015-02-05 14:01:00",224.56
"2015-02-05 14:02:00",224.55
"2015-02-05 14:03:00",224.48
"2015-02-05 14:04:00",224.5
"2015-02-05 14:05:00",224.5
"2015-02-05 14:06:00",224.53
"2015-02-05 14:07:00",224.59
"2015-02-05 14:08:00",224.63
"2015-02-05 14:09:00",224.72
"2015-02-05 14:10:00",224.78
"2015-02-05 14:11:00",224.7
"2015-02-05 14:12:00",224.8
"2015-02-05 14:13:00",224.8
"2015-02-05 14:14:00",224.77
"2015-02-05 14:15:00",224.69
"2015-02-05 14:16:00",224.56
"2015-02-05 14:17:00",224.49
"2015-02-05 14:18:00",224.47
"2015-02-05 14:19:00",224.69
"2015-02-05 14:20:00",224.74
"2015-02-05 14:21:00",224.72
"2015-02-05 14:22:00",224.6
"2015-02-05 14:23:00",224.78
"2015-02-05 14:24:00",224.58
"2015-02-05 14:25:00",224.51
"2015-02-05 14:26:00",224.53
"2015-02-05 14:27:00",224.57
"2015-02-05 14:28:00",224.59
"2015-02-05 14:29:00",224.68
"2015-02-05 14:30:00",224.75
"2015-02-05 14:31:00",224.7
"2015-02-05 14:32:00",224.81
"2015-02-05 14:33:00",224.82
"2015-02-05 14:34:00",224.72
"2015-02-05 14:35:00",224.82
"2015-02-05 14:36:00",224.75
"2015-02-05 14:37:00",225
"2015-02-05 14:38:00",225.08
"2015-02-05 14:39:00",225.23
"2015-02-05 14:40:00",225.1
"2015-02-05 14:41:00",225.23
"2015-02-05 14:42:00",225.25
"2015-02-05 14:43:00",225.41
"2015-02-05 14:44:00",225.42
"2015-02-05 14:45:00",225.39
"2015-02-05 14:46:00",225.33
"2015-02-05 14:47:00",225.4
"2015-02-05 14:48:00",225.48
"2015-02-05 14:49:00",225.46
"2015-02-05 14:50:00",225.37
"2015-02-05 14:51:00",225.41
"2015-02-05 14:52:00",225.28
"2015-02-05 14:53:00",225.1
"2015-02-05 14:54:00",225.05
"2015-02-05 14:55:00",225.09
"2015-02-05 14:56:00",225.23
"2015-02-05 14:57:00",225.12
"2015-02-05 14:58:00",225.14
"2015-02-05 14:59:00",224.78
"2015-02-05 15:00:00",224.8
"2015-02-05 15:01:00",224.72
"2015-02-05 15:02:00",224.88
"2015-02-05 15:03:00",224.99
"2015-02-05 15:04:00",224.74
"2015-02-05 15:05:00",224.73
"2015-02-05 15:06:00",224.71
"2015-02-05 15:07:00",224.59
"2015-02-05 15:08:00",224.68
"2015-02-05 15:09:00",224.73
"2015-02-05 15:10:00",224.62
"2015-02-05 15:11:00",224.64
"2015-02-05 15:12:00",224.61
"2015-02-05 15:13:00",224.76
"2015-02-05 15:14:00",224.66
"2015-02-05 15:15:00",224.66
"2015-02-05 15:16:00",224.63
"2015-02-05 15:17:00",224.51
"2015-02-05 15:18:00",224.54
"2015-02-05 15:19:00",224.51
"2015-02-05 15:20:00",224.55
"2015-02-05 15:21:00",224.46
"2015-02-05 15:22:00",224.5
"2015-02-05 15:23:00",224.4
"2015-02-05 15:24:00",224.56
"2015-02-05 15:25:00",224.61
"2015-02-05 15:26:00",224.44
"2015-02-05 15:27:00",224.51
"2015-02-05 15:28:00",224.45
"2015-02-05 15:29:00",224.73
"2015-02-05 15:30:00",224.57
"2015-02-05 15:31:00",224.63
"2015-02-05 15:32:00",224.78
"2015-02-05 15:33:00",224.56
"2015-02-05 15:34:00",224.45
"2015-02-05 15:35:00",224.04
"2015-02-05 15:36:00",222.91
"2015-02-05 15:37:00",221.87
"2015-02-05 15:38:00",220.61
"2015-02-05 15:39:00",218.65
"2015-02-05 15:40:00",217.82
"2015-02-05 15:41:00",216.95
"2015-02-05 15:42:00",217.2
"2015-02-05 15:43:00",217.66
"2015-02-05 15:44:00",217.72
"2015-02-05 15:45:00",217.88
"2015-02-05 15:46:00",217.79
"2015-02-05 15:47:00",217.64
"2015-02-05 15:48:00",216.7
"2015-02-05 15:49:00",216
"2015-02-05 15:50:00",216.16
"2015-02-05 15:51:00",216.09
"2015-02-05 15:52:00",216.09
"2015-02-05 15:53:00",216.52
"2015-02-05 15:54:00",216.37
"2015-02-05 15:55:00",216.58
"2015-02-05 15:56:00",216.4
"2015-02-05 15:57:00",216.09
"2015-02-05 15:58:00",215.86
"2015-02-05 15:59:00",215.96
"2015-02-05 16:00:00",216.01
"2015-02-05 16:01:00",215.98
"2015-02-05 16:02:00",216.08
"2015-02-05 16:03:00",216.08
"2015-02-05 16:04:00",216.33
"2015-02-05 16:05:00",216.4
"2015-02-05 16:06:00",216.78
"2015-02-05 16:07:00",217.07
"2015-02-05 16:08:00",217.21
"2015-02-05 16:09:00",217.22
"2015-02-05 16:10:00",217.08
"2015-02-05 16:11:00",216.37
"2015-02-05 16:12:00",216.01
"2015-02-05 16:13:00",214.66
"2015-02-05 16:14:00",214.68
"2015-02-05 16:15:00",214.68
"2015-02-05 16:16:00",215.12
"2015-02-05 16:17:00",215.36
"2015-02-05 16:18:00",215.38
"2015-02-05 16:19:00",215.55
"2015-02-05 16:20:00",215.64
"2015-02-05 16:21:00",215.49
"2015-02-05 16:22:00",215.81
"2015-02-05 16:23:00",216.08
"2015-02-05 16:24:00",216.23
"2015-02-05 16:25:00",216.32
"2015-02-05 16:26:00",216.24
"2015-02-05 16:27:00",216.18
"2015-02-05 16:28:00",216.32
"2015-02-05 16:29:00",216.41
"2015-02-05 16:30:00",216.19
"2015-02-05 16:31:00",216.37
"2015-02-05 16:32:00",215.97
"2015-02-05 16:33:00",215.91
"2015-02-05 16:34:00",216
"2015-02-05 16:35:00",216.03
"2015-02-05 16:36:00",216.14
"2015-02-05 16:37:00",216.38
"2015-02-05 16:38:00",216.55
"2015-02-05 16:39:00",216.71
"2015-02-05 16:40:00",216.71
"2015-02-05 16:41:00",216.63
"2015-02-05 16:42:00",216.71
"2015-02-05 16:43:00",216.77
"2015-02-05 16:44:00",216.64
"2015-02-05 16:45:00",216.67
"2015-02-05 16:46:00",216.6
"2015-02-05 16:47:00",216.63
"2015-02-05 16:48:00",216.3
"2015-02-05 16:49:00",216.26
"2015-02-05 16:50:00",216.24
"2015-02-05 16:51:00",216.25
"2015-02-05 16:52:00",216.2
"2015-02-05 16:53:00",216.3
"2015-02-05 16:54:00",216.37
"2015-02-05 16:55:00",216.33
"2015-02-05 16:56:00",216.4
"2015-02-05 16:57:00",216.26
"2015-02-05 16:58:00",216.12
"2015-02-05 16:59:00",216.22
"2015-02-05 17:00:00",216.27
"2015-02-05 17:01:00",216.11
"2015-02-05 17:02:00",216.09
"2015-02-05 17:03:00",216.2
"2015-02-05 17:04:00",216.11
"2015-02-05 17:05:00",216.05
"2015-02-05 17:06:00",216.11
"2015-02-05 17:07:00",216.01
"2015-02-05 17:08:00",215.55
"2015-02-05 17:09:00",215.12
"2015-02-05 17:10:00",215.4
"2015-02-05 17:11:00",215.3
"2015-02-05 17:12:00",215.28
"2015-02-05 17:13:00",215.55
"2015-02-05 17:14:00",215.51
"2015-02-05 17:15:00",215.64
"2015-02-05 17:16:00",215.67
"2015-02-05 17:17:00",215.73
"2015-02-05 17:18:00",215.79
"2015-02-05 17:19:00",215.54
"2015-02-05 17:20:00",215.75
"2015-02-05 17:21:00",215.87
"2015-02-05 17:22:00",215.94
"2015-02-05 17:23:00",216.13
"2015-02-05 17:24:00",216.38
"2015-02-05 17:25:00",216.51
"2015-02-05 17:26:00",216.41
"2015-02-05 17:27:00",216.46
"2015-02-05 17:28:00",216.41
"2015-02-05 17:29:00",216.51
"2015-02-05 17:30:00",216.61
"2015-02-05 17:31:00",216.83
"2015-02-05 17:32:00",217.13
"2015-02-05 17:33:00",217.32
"2015-02-05 17:34:00",217.34
"2015-02-05 17:35:00",217.5
"2015-02-05 17:36:00",217.61
"2015-02-05 17:37:00",217.43
"2015-02-05 17:38:00",217.38
"2015-02-05 17:39:00",217.44
"2015-02-05 17:40:00",217.65
"2015-02-05 17:41:00",217.54
"2015-02-05 17:42:00",217.56
"2015-02-05 17:43:00",217.45
"2015-02-05 17:44:00",217.58
"2015-02-05 17:45:00",217.88
"2015-02-05 17:46:00",217.62
"2015-02-05 17:47:00",217.47
"2015-02-05 17:48:00",217.41
"2015-02-05 17:49:00",217.55
"2015-02-05 17:50:00",217.51
"2015-02-05 17:51:00",217.52
"2015-02-05 17:52:00",217.23
"2015-02-05 17:53:00",217.02
"2015-02-05 17:54:00",217
"2015-02-05 17:55:00",217.12
"2015-02-05 17:56:00",217.15
"2015-02-05 17:57:00",216.87
"2015-02-05 17:58:00",216.89
"2015-02-05 17:59:00",216.67
"2015-02-05 18:00:00",216.66
"2015-02-05 18:01:00",216.83
"2015-02-05 18:02:00",216.72
"2015-02-05 18:03:00",216.76
"2015-02-05 18:04:00",216.91
"2015-02-05 18:05:00",216.76
"2015-02-05 18:06:00",216.85
"2015-02-05 18:07:00",216.82
"2015-02-05 18:08:00",216.84
"2015-02-05 18:09:00",216.82
"2015-02-05 18:10:00",216.91
"2015-02-05 18:11:00",216.88
"2015-02-05 18:12:00",216.96
"2015-02-05 18:13:00",216.93
"2015-02-05 18:14:00",217
"2015-02-05 18:15:00",216.91
"2015-02-05 18:16:00",217.03
"2015-02-05 18:17:00",216.95
"2015-02-05 18:18:00",217.1
"2015-02-05 18:19:00",217.11
"2015-02-05 18:20:00",217.12
"2015-02-05 18:21:00",217.25
"2015-02-05 18:22:00",217.42
"2015-02-05 18:23:00",217.29
"2015-02-05 18:24:00",217.17
"2015-02-05 18:25:00",217.09
"2015-02-05 18:26:00",217.24
"2015-02-05 18:27:00",217.16
"2015-02-05 18:28:00",217.09
"2015-02-05 18:29:00",217.04
"2015-02-05 18:30:00",217.01
"2015-02-05 18:31:00",216.86
"2015-02-05 18:32:00",216.84
"2015-02-05 18:33:00",216.84
"2015-02-05 18:34:00",216.91
"2015-02-05 18:35:00",216.79
"2015-02-05 18:36:00",216.93
"2015-02-05 18:37:00",216.97
"2015-02-05 18:38:00",216.89
"2015-02-05 18:39:00",216.91
"2015-02-05 18:40:00",216.68
"2015-02-05 18:41:00",216.73
"2015-02-05 18:42:00",216.62
"2015-02-05 18:43:00",216.82
"2015-02-05 18:44:00",216.68
"2015-02-05 18:45:00",216.64
"2015-02-05 18:46:00",216.65
"2015-02-05 18:47:00",216.63
"2015-02-05 18:48:00",216.66
"2015-02-05 18:49:00",216.69
"2015-02-05 18:50:00",216.66
"2015-02-05 18:51:00",216.6
"2015-02-05 18:52:00",216.57
"2015-02-05 18:53:00",216.6
"2015-02-05 18:54:00",216.62
"2015-02-05 18:55:00",216.7
"2015-02-05 18:56:00",216.5
"2015-02-05 18:57:00",216.4
"2015-02-05 18:58:00",216.27
"2015-02-05 18:59:00",216.34
"2015-02-05 19:00:00",216.38
"2015-02-05 19:01:00",216.31
"2015-02-05 19:02:00",216.24
"2015-02-05 19:03:00",216.21
"2015-02-05 19:04:00",215.88
"2015-02-05 19:05:00",215.62
"2015-02-05 19:06:00",215.57
"2015-02-05 19:07:00",215.64
"2015-02-05 19:08:00",215.79
"2015-02-05 19:09:00",215.75
"2015-02-05 19:10:00",215.69
"2015-02-05 19:11:00",215.79
"2015-02-05 19:12:00",216.01
"2015-02-05 19:13:00",216.2
"2015-02-05 19:14:00",216.2
"2015-02-05 19:15:00",216.18
"2015-02-05 19:16:00",216.16
"2015-02-05 19:17:00",216.15
"2015-02-05 19:18:00",216.25
"2015-02-05 19:19:00",216.27
"2015-02-05 19:20:00",216.21
"2015-02-05 19:21:00",216.28
"2015-02-05 19:22:00",216.32
"2015-02-05 19:23:00",216.38
"2015-02-05 19:24:00",216.35
"2015-02-05 19:25:00",216.37
"2015-02-05 19:26:00",216.43
"2015-02-05 19:27:00",216.41
"2015-02-05 19:28:00",216.76
"2015-02-05 19:29:00",216.85
"2015-02-05 19:30:00",217.26
"2015-02-05 19:31:00",217.32
"2015-02-05 19:32:00",217.4
"2015-02-05 19:33:00",217.36
"2015-02-05 19:34:00",217.38
"2015-02-05 19:35:00",217.43
"2015-02-05 19:36:00",217.31
"2015-02-05 19:37:00",217.31
"2015-02-05 19:38:00",217.26
"2015-02-05 19:39:00",217.29
"2015-02-05 19:40:00",217.43
"2015-02-05 19:41:00",217.3
"2015-02-05 19:42:00",217.26
"2015-02-05 19:43:00",217.41
"2015-02-05 19:44:00",217.33
"2015-02-05 19:45:00",217.44
"2015-02-05 19:46:00",217.3
"2015-02-05 19:47:00",217.31
"2015-02-05 19:48:00",217.26
"2015-02-05 19:49:00",217.27
"2015-02-05 19:50:00",217.35
"2015-02-05 19:51:00",217.36
"2015-02-05 19:52:00",217.35
"2015-02-05 19:53:00",217.34
"2015-02-05 19:54:00",217.36
"2015-02-05 19:55:00",217.21
"2015-02-05 19:56:00",217.2
"2015-02-05 19:57:00",217.25
"2015-02-05 19:58:00",217.29
"2015-02-05 19:59:00",217.27
"2015-02-05 20:00:00",217.27
"2015-02-05 20:01:00",217.24
"2015-02-05 20:02:00",217.12
"2015-02-05 20:03:00",217.25
"2015-02-05 20:04:00",217.23
"2015-02-05 20:05:00",217.26
"2015-02-05 20:06:00",217.3
"2015-02-05 20:07:00",217.42
"2015-02-05 20:08:00",217.44
"2015-02-05 20:09:00",217.34
"2015-02-05 20:10:00",217.39
"2015-02-05 20:11:00",217.49
"2015-02-05 20:12:00",217.34
"2015-02-05 20:13:00",217.32
"2015-02-05 20:14:00",217.28
"2015-02-05 20:15:00",217.38
"2015-02-05 20:16:00",217.35
"2015-02-05 20:17:00",217.3
"2015-02-05 20:18:00",217.32
"2015-02-05 20:19:00",217.3
"2015-02-05 20:20:00",217.23
"2015-02-05 20:21:00",217.29
"2015-02-05 20:22:00",217.3
"2015-02-05 20:23:00",217.5
"2015-02-05 20:24:00",217.68
"2015-02-05 20:25:00",217.63
"2015-02-05 20:26:00",217.49
"2015-02-05 20:27:00",217.43
"2015-02-05 20:28:00",217.35
"2015-02-05 20:29:00",217.08
"2015-02-05 20:30:00",217.23
"2015-02-05 20:31:00",217.19
"2015-02-05 20:32:00",217.18
"2015-02-05 20:33:00",217.08
"2015-02-05 20:34:00",217.1
"2015-02-05 20:35:00",217.11
"2015-02-05 20:36:00",217.09
"2015-02-05 20:37:00",217.15
"2015-02-05 20:38:00",217.14
"2015-02-05 20:39:00",217.29
"2015-02-05 20:40:00",217.18
"2015-02-05 20:41:00",217.14
"2015-02-05 20:42:00",217.26
"2015-02-05 20:43:00",217.29
"2015-02-05 20:44:00",217.41
"2015-02-05 20:45:00",217.43
"2015-02-05 20:46:00",217.5
"2015-02-05 20:47:00",217.56
"2015-02-05 20:48:00",217.71
"2015-02-05 20:49:00",217.72
"2015-02-05 20:50:00",217.73
"2015-02-05 20:51:00",217.8
"2015-02-05 20:52:00",217.9
"2015-02-05 20:53:00",217.83
"2015-02-05 20:54:00",217.86
"2015-02-05 20:55:00",217.83
"2015-02-05 20:56:00",217.96
"2015-02-05 20:57:00",218.01
"2015-02-05 20:58:00",218.04
"2015-02-05 20:59:00",218.03
"2015-02-05 21:00:00",218.16
"2015-02-05 21:01:00",218.01
"2015-02-05 21:02:00",217.89
"2015-02-05 21:03:00",217.8
"2015-02-05 21:04:00",217.9
"2015-02-05 21:05:00",217.87
"2015-02-05 21:06:00",217.81
"2015-02-05 21:07:00",217.81
"2015-02-05 21:08:00",217.83
"2015-02-05 21:09:00",217.86
"2015-02-05 21:10:00",217.96
"2015-02-05 21:11:00",217.75
"2015-02-05 21:12:00",217.78
"2015-02-05 21:13:00",217.88
"2015-02-05 21:14:00",217.98
"2015-02-05 21:15:00",218.01
"2015-02-05 21:16:00",217.94
"2015-02-05 21:17:00",217.88
"2015-02-05 21:18:00",217.88
"2015-02-05 21:19:00",217.8
"2015-02-05 21:20:00",217.66
"2015-02-05 21:21:00",217.51
"2015-02-05 21:22:00",217.72
"2015-02-05 21:23:00",217.7
"2015-02-05 21:24:00",217.65
"2015-02-05 21:25:00",217.58
"2015-02-05 21:26:00",217.41
"2015-02-05 21:27:00",217.5
"2015-02-05 21:28:00",217.39
"2015-02-05 21:29:00",217.46
"2015-02-05 21:30:00",217.46
"2015-02-05 21:31:00",217.36
"2015-02-05 21:32:00",217.36
"2015-02-05 21:33:00",217.37
"2015-02-05 21:34:00",217.35
"2015-02-05 21:35:00",217.34
"2015-02-05 21:36:00",217.42
"2015-02-05 21:37:00",217.29
"2015-02-05 21:38:00",217.45
"2015-02-05 21:39:00",217.43
"2015-02-05 21:40:00",217.4
"2015-02-05 21:41:00",217.3
"2015-02-05 21:42:00",217.59
"2015-02-05 21:43:00",217.52
"2015-02-05 21:44:00",217.51
"2015-02-05 21:45:00",217.46
"2015-02-05 21:46:00",217.43
"2015-02-05 21:47:00",217.56
"2015-02-05 21:48:00",217.41
"2015-02-05 21:49:00",217.64
"2015-02-05 21:50:00",217.63
"2015-02-05 21:51:00",217.81
"2015-02-05 21:52:00",217.86
"2015-02-05 21:53:00",217.8
"2015-02-05 21:54:00",217.71
"2015-02-05 21:55:00",217.81
"2015-02-05 21:56:00",217.79
"2015-02-05 21:57:00",217.7
"2015-02-05 21:58:00",217.78
"2015-02-05 21:59:00",217.74
"2015-02-05 22:00:00",217.75
"2015-02-05 22:01:00",217.68
"2015-02-05 22:02:00",217.64
"2015-02-05 22:03:00",217.66
"2015-02-05 22:04:00",217.5
"2015-02-05 22:05:00",217.52
"2015-02-05 22:06:00",217.66
"2015-02-05 22:07:00",217.67
"2015-02-05 22:08:00",217.62
"2015-02-05 22:09:00",217.47
"2015-02-05 22:10:00",217.45
"2015-02-05 22:11:00",217.51
"2015-02-05 22:12:00",217.52
"2015-02-05 22:13:00",217.41
"2015-02-05 22:14:00",217.57
"2015-02-05 22:15:00",217.67
"2015-02-05 22:16:00",217.57
"2015-02-05 22:17:00",217.7
"2015-02-05 22:18:00",217.5
"2015-02-05 22:19:00",217.47
"2015-02-05 22:20:00",217.49
"2015-02-05 22:21:00",217.61
"2015-02-05 22:22:00",217.62
"2015-02-05 22:23:00",217.65
"2015-02-05 22:24:00",217.62
"2015-02-05 22:25:00",217.56
"2015-02-05 22:26:00",217.6
"2015-02-05 22:27:00",217.56
"2015-02-05 22:28:00",217.53
"2015-02-05 22:29:00",217.67
"2015-02-05 22:30:00",217.58
"2015-02-05 22:31:00",217.58
"2015-02-05 22:32:00",217.62
"2015-02-05 22:33:00",217.63
"2015-02-05 22:34:00",216.74
"2015-02-05 22:35:00",216.39
"2015-02-05 22:36:00",216.6
"2015-02-05 22:37:00",216.44
"2015-02-05 22:38:00",215.98
"2015-02-05 22:39:00",215.95
"2015-02-05 22:40:00",215.86
"2015-02-05 22:41:00",215.73
"2015-02-05 22:42:00",215.77
"2015-02-05 22:43:00",215.83
"2015-02-05 22:44:00",215.96
"2015-02-05 22:45:00",216.18
"2015-02-05 22:46:00",216.29
"2015-02-05 22:47:00",216.31
"2015-02-05 22:48:00",216.45
"2015-02-05 22:49:00",216.79
"2015-02-05 22:50:00",216.87
"2015-02-05 22:51:00",216.87
"2015-02-05 22:52:00",216.87
"2015-02-05 22:53:00",217.04
"2015-02-05 22:54:00",217.01
"2015-02-05 22:55:00",217.08
"2015-02-05 22:56:00",217.21
"2015-02-05 22:57:00",217.32
"2015-02-05 22:58:00",217.28
"2015-02-05 22:59:00",217.24
"2015-02-05 23:00:00",217.15
"2015-02-05 23:01:00",217.35
"2015-02-05 23:02:00",217.37
"2015-02-05 23:03:00",217.49
"2015-02-05 23:04:00",217.46
"2015-02-05 23:05:00",217.46
"2015-02-05 23:06:00",217.53
"2015-02-05 23:07:00",217.35
"2015-02-05 23:08:00",217.56
"2015-02-05 23:09:00",217.38
"2015-02-05 23:10:00",217.27
"2015-02-05 23:11:00",217.44
"2015-02-05 23:12:00",217.34
"2015-02-05 23:13:00",217.23
"2015-02-05 23:14:00",217.18
"2015-02-05 23:15:00",217.36
"2015-02-05 23:16:00",217.26
"2015-02-05 23:17:00",217.21
"2015-02-05 23:18:00",217.13
"2015-02-05 23:19:00",217.18
"2015-02-05 23:20:00",217.09
"2015-02-05 23:21:00",216.97
"2015-02-05 23:22:00",216.84
"2015-02-05 23:23:00",216.78
"2015-02-05 23:24:00",216.84
"2015-02-05 23:25:00",216.91
"2015-02-05 23:26:00",216.81
"2015-02-05 23:27:00",216.53
"2015-02-05 23:28:00",216.68
"2015-02-05 23:29:00",216.6
"2015-02-05 23:30:00",216.65
"2015-02-05 23:31:00",216.63
"2015-02-05 23:32:00",216.65
"2015-02-05 23:33:00",216.79
"2015-02-05 23:34:00",217.1
"2015-02-05 23:35:00",217.07
"2015-02-05 23:36:00",217.13
"2015-02-05 23:37:00",217.03
"2015-02-05 23:38:00",217.16
"2015-02-05 23:39:00",217.16
"2015-02-05 23:40:00",217.2
"2015-02-05 23:41:00",217.17
"2015-02-05 23:42:00",217.19
"2015-02-05 23:43:00",217.19
"2015-02-05 23:44:00",217.31
"2015-02-05 23:45:00",217.32
"2015-02-05 23:46:00",217.37
"2015-02-05 23:47:00",217.43
"2015-02-05 23:48:00",217.44
"2015-02-05 23:49:00",217.46
"2015-02-05 23:50:00",217.32
"2015-02-05 23:51:00",217.21
"2015-02-05 23:52:00",217.05
"2015-02-05 23:53:00",216.95
"2015-02-05 23:54:00",217.04
"2015-02-05 23:55:00",217.01
"2015-02-05 23:56:00",216.84
"2015-02-05 23:57:00",216.89
"2015-02-05 23:58:00",216.97
"2015-02-05 23:59:00",216.87
"2015-02-06 00:01:00",216.63
"2015-02-06 00:02:00",216.74
"2015-02-06 00:03:00",216.8
"2015-02-06 00:04:00",216.87
"2015-02-06 00:05:00",216.78
"2015-02-06 00:06:00",216.76
"2015-02-06 00:07:00",216.76
"2015-02-06 00:08:00",216.84
"2015-02-06 00:09:00",216.72
"2015-02-06 00:10:00",216.69
"2015-02-06 00:11:00",216.86
"2015-02-06 00:12:00",216.81
"2015-02-06 00:13:00",216.85
"2015-02-06 00:14:00",216.95
"2015-02-06 00:15:00",216.92
"2015-02-06 00:16:00",216.86
"2015-02-06 00:17:00",216.83
"2015-02-06 00:18:00",216.83
"2015-02-06 00:19:00",216.95
"2015-02-06 00:20:00",216.92
"2015-02-06 00:21:00",217.05
"2015-02-06 00:22:00",217.13
"2015-02-06 00:23:00",216.98
"2015-02-06 00:24:00",217.04
"2015-02-06 00:25:00",217.01
"2015-02-06 00:26:00",217.22
"2015-02-06 00:27:00",217.25
"2015-02-06 00:28:00",217.4
"2015-02-06 00:29:00",217.64
"2015-02-06 00:30:00",217.76
"2015-02-06 00:31:00",217.84
"2015-02-06 00:32:00",218.24
"2015-02-06 00:33:00",218.13
"2015-02-06 00:34:00",218.15
"2015-02-06 00:35:00",218.17
"2015-02-06 00:36:00",218.69
"2015-02-06 00:37:00",218.43
"2015-02-06 00:38:00",218.37
"2015-02-06 00:39:00",218.21
"2015-02-06 00:40:00",218.34
"2015-02-06 00:41:00",218.17
"2015-02-06 00:42:00",217.9
"2015-02-06 00:43:00",217.9
"2015-02-06 00:44:00",217.89
"2015-02-06 00:45:00",217.82
"2015-02-06 00:46:00",217.79
"2015-02-06 00:47:00",217.79
"2015-02-06 00:48:00",217.87
"2015-02-06 00:49:00",218.03
"2015-02-06 00:50:00",218.15
"2015-02-06 00:51:00",218.09
"2015-02-06 00:52:00",218.12
"2015-02-06 00:53:00",218.19
"2015-02-06 00:54:00",218.1
"2015-02-06 00:55:00",218.2
"2015-02-06 00:56:00",218.09
"2015-02-06 00:57:00",218.21
"2015-02-06 00:58:00",218.1
"2015-02-06 00:59:00",218.22
"2015-02-06 01:00:00",218.04
"2015-02-06 01:01:00",218.09
"2015-02-06 01:02:00",217.97
"2015-02-06 01:03:00",218.03
"2015-02-06 01:04:00",218.23
"2015-02-06 01:05:00",218.33
"2015-02-06 01:06:00",218.33
"2015-02-06 01:07:00",218.22
"2015-02-06 01:08:00",218.25
"2015-02-06 01:09:00",217.89
"2015-02-06 01:10:00",217.88
"2015-02-06 01:11:00",217.89
"2015-02-06 01:12:00",217.89
"2015-02-06 01:13:00",217.89
"2015-02-06 01:14:00",217.81
"2015-02-06 01:15:00",217.88
"2015-02-06 01:16:00",217.85
"2015-02-06 01:17:00",218.16
"2015-02-06 01:18:00",218.01
"2015-02-06 01:19:00",218.18
"2015-02-06 01:20:00",218.19
"2015-02-06 01:21:00",218.24
"2015-02-06 01:22:00",218.39
"2015-02-06 01:23:00",218.7
"2015-02-06 01:24:00",218.85
"2015-02-06 01:25:00",218.7
"2015-02-06 01:26:00",218.68
"2015-02-06 01:27:00",218.83
"2015-02-06 01:28:00",218.73
"2015-02-06 01:29:00",218.8
"2015-02-06 01:30:00",218.83
"2015-02-06 01:31:00",218.8
"2015-02-06 01:32:00",218.78
"2015-02-06 01:33:00",218.87
"2015-02-06 01:34:00",218.89
"2015-02-06 01:35:00",218.88
"2015-02-06 01:36:00",219
"2015-02-06 01:37:00",218.99
"2015-02-06 01:38:00",218.97
"2015-02-06 01:39:00",218.96
"2015-02-06 01:40:00",218.96
"2015-02-06 01:41:00",219.05
"2015-02-06 01:42:00",219.1
"2015-02-06 01:43:00",219.3
"2015-02-06 01:44:00",219.27
"2015-02-06 01:45:00",219.44
"2015-02-06 01:46:00",219.42
"2015-02-06 01:47:00",219.32
"2015-02-06 01:48:00",219.26
"2015-02-06 01:49:00",219.19
"2015-02-06 01:50:00",218.97
"2015-02-06 01:51:00",218.83
"2015-02-06 01:52:00",218.85
"2015-02-06 01:53:00",218.8
"2015-02-06 01:54:00",219.04
"2015-02-06 01:55:00",219.16
"2015-02-06 01:56:00",219.3
"2015-02-06 01:57:00",219.16
"2015-02-06 01:58:00",219.23
"2015-02-06 01:59:00",219.41
"2015-02-06 02:00:00",219.4
"2015-02-06 02:01:00",219.44
"2015-02-06 02:02:00",219.4
"2015-02-06 02:03:00",219.37
"2015-02-06 02:04:00",219.36
"2015-02-06 02:05:00",219.4
"2015-02-06 02:06:00",219.51
"2015-02-06 02:07:00",219.58
"2015-02-06 02:08:00",219.87
"2015-02-06 02:09:00",219.71
"2015-02-06 02:10:00",219.68
"2015-02-06 02:11:00",219.82
"2015-02-06 02:12:00",219.95
"2015-02-06 02:13:00",219.85
"2015-02-06 02:14:00",219.7
"2015-02-06 02:15:00",219.54
"2015-02-06 02:16:00",219.52
"2015-02-06 02:17:00",219.42
"2015-02-06 02:18:00",219.53
"2015-02-06 02:19:00",219.28
"2015-02-06 02:20:00",219.12
"2015-02-06 02:21:00",219.1
"2015-02-06 02:22:00",219.25
"2015-02-06 02:23:00",219.29
"2015-02-06 02:24:00",219.14
"2015-02-06 02:25:00",219.07
"2015-02-06 02:26:00",218.98
"2015-02-06 02:27:00",218.94
"2015-02-06 02:28:00",218.87
"2015-02-06 02:29:00",218.85
"2015-02-06 02:30:00",218.7
"2015-02-06 02:31:00",218.71
"2015-02-06 02:32:00",218.63
"2015-02-06 02:33:00",218.49
"2015-02-06 02:34:00",218.54
"2015-02-06 02:35:00",218.48
"2015-02-06 02:36:00",218.57
"2015-02-06 02:37:00",218.76
"2015-02-06 02:38:00",218.61
"2015-02-06 02:39:00",218.61
"2015-02-06 02:40:00",218.57
"2015-02-06 02:41:00",218.6
"2015-02-06 02:42:00",218.62
"2015-02-06 02:43:00",218.56
"2015-02-06 02:44:00",218.51
"2015-02-06 02:45:00",218.58
"2015-02-06 02:46:00",218.6
"2015-02-06 02:47:00",218.82
"2015-02-06 02:48:00",218.8
"2015-02-06 02:49:00",218.67
"2015-02-06 02:50:00",218.61
"2015-02-06 02:51:00",218.67
"2015-02-06 02:52:00",218.6
"2015-02-06 02:53:00",218.57
"2015-02-06 02:54:00",218.55
"2015-02-06 02:55:00",218.55
"2015-02-06 02:56:00",218.52
"2015-02-06 02:57:00",218.53
"2015-02-06 02:58:00",218.59
"2015-02-06 02:59:00",218.63
"2015-02-06 03:00:00",218.65
"2015-02-06 03:01:00",218.64
"2015-02-06 03:02:00",218.7
"2015-02-06 03:03:00",218.61
"2015-02-06 03:04:00",218.59
"2015-02-06 03:05:00",218.58
"2015-02-06 03:06:00",218.46
"2015-02-06 03:07:00",218.6
"2015-02-06 03:08:00",218.52
"2015-02-06 03:09:00",218.51
"2015-02-06 03:10:00",218.63
"2015-02-06 03:11:00",218.68
"2015-02-06 03:12:00",218.8
"2015-02-06 03:13:00",218.69
"2015-02-06 03:14:00",218.74
"2015-02-06 03:15:00",218.93
"2015-02-06 03:16:00",218.95
"2015-02-06 03:17:00",219.11
"2015-02-06 03:18:00",218.99
"2015-02-06 03:19:00",219.11
"2015-02-06 03:20:00",219.09
"2015-02-06 03:21:00",219.2
"2015-02-06 03:22:00",219.33
"2015-02-06 03:23:00",219.43
"2015-02-06 03:24:00",219.52
"2015-02-06 03:25:00",219.51
"2015-02-06 03:26:00",219.49
"2015-02-06 03:27:00",219.45
"2015-02-06 03:28:00",219.49
"2015-02-06 03:29:00",219.41
"2015-02-06 03:30:00",219.35
"2015-02-06 03:31:00",219.32
"2015-02-06 03:32:00",219.39
"2015-02-06 03:33:00",219.26
"2015-02-06 03:34:00",219.21
"2015-02-06 03:35:00",219.21
"2015-02-06 03:36:00",219.38
"2015-02-06 03:37:00",219.34
"2015-02-06 03:38:00",219.32
"2015-02-06 03:39:00",219.42
"2015-02-06 03:40:00",219.46
"2015-02-06 03:41:00",219.39
"2015-02-06 03:42:00",219.52
"2015-02-06 03:43:00",219.53
"2015-02-06 03:44:00",219.54
"2015-02-06 03:45:00",219.47
"2015-02-06 03:46:00",219.59
"2015-02-06 03:47:00",219.51
"2015-02-06 03:48:00",219.41
"2015-02-06 03:49:00",219.34
"2015-02-06 03:50:00",219.34
"2015-02-06 03:51:00",219.27
"2015-02-06 03:52:00",219.5
"2015-02-06 03:53:00",219.71
"2015-02-06 03:54:00",219.79
"2015-02-06 03:55:00",219.76
"2015-02-06 03:56:00",219.76
"2015-02-06 03:57:00",219.69
"2015-02-06 03:58:00",219.75
"2015-02-06 03:59:00",219.68
"2015-02-06 04:00:00",219.76
"2015-02-06 04:01:00",219.71
"2015-02-06 04:02:00",219.78
"2015-02-06 04:03:00",219.93
"2015-02-06 04:04:00",219.92
"2015-02-06 04:05:00",220.01
"2015-02-06 04:06:00",220.2
"2015-02-06 04:07:00",220.56
"2015-02-06 04:08:00",220.5
"2015-02-06 04:09:00",220.67
"2015-02-06 04:10:00",220.44
"2015-02-06 04:11:00",220.46
"2015-02-06 04:12:00",220.33
"2015-02-06 04:13:00",220.15
"2015-02-06 04:14:00",220.15
"2015-02-06 04:15:00",220.19
"2015-02-06 04:16:00",220.35
"2015-02-06 04:17:00",220.4
"2015-02-06 04:18:00",220.77
"2015-02-06 04:19:00",220.65
"2015-02-06 04:20:00",220.6
"2015-02-06 04:21:00",220.59
"2015-02-06 04:22:00",220.53
"2015-02-06 04:23:00",220.54
"2015-02-06 04:24:00",220.64
"2015-02-06 04:25:00",220.62
"2015-02-06 04:26:00",220.71
"2015-02-06 04:27:00",220.51
"2015-02-06 04:28:00",220.52
"2015-02-06 04:29:00",220.49
"2015-02-06 04:30:00",220.33
"2015-02-06 04:31:00",220.39
"2015-02-06 04:32:00",220.45
"2015-02-06 04:33:00",220.5
"2015-02-06 04:34:00",220.5
"2015-02-06 04:35:00",220.51
"2015-02-06 04:36:00",220.54
"2015-02-06 04:37:00",220.63
"2015-02-06 04:38:00",220.6
"2015-02-06 04:39:00",220.63
"2015-02-06 04:40:00",220.61
"2015-02-06 04:41:00",220.57
"2015-02-06 04:42:00",220.5
"2015-02-06 04:43:00",220.53
"2015-02-06 04:44:00",220.48
"2015-02-06 04:45:00",220.41
"2015-02-06 04:46:00",220.19
"2015-02-06 04:47:00",218.97
"2015-02-06 04:48:00",218.29
"2015-02-06 04:49:00",218.09
"2015-02-06 04:50:00",218.31
"2015-02-06 04:51:00",217.06
"2015-02-06 04:52:00",217.39
"2015-02-06 04:53:00",217.31
"2015-02-06 04:54:00",217.72
"2015-02-06 04:55:00",217.89
"2015-02-06 04:56:00",218.12
"2015-02-06 04:57:00",218.27
"2015-02-06 04:58:00",217.3
"2015-02-06 04:59:00",217.19
"2015-02-06 05:00:00",217.2
"2015-02-06 05:01:00",217.71
"2015-02-06 05:02:00",217.97
"2015-02-06 05:03:00",217.94
"2015-02-06 05:04:00",218.05
"2015-02-06 05:05:00",218.34
"2015-02-06 05:06:00",218.43
"2015-02-06 05:07:00",218.35
"2015-02-06 05:08:00",218.46
"2015-02-06 05:09:00",218.29
"2015-02-06 05:10:00",218.33
"2015-02-06 05:11:00",218.26
"2015-02-06 05:12:00",218.18
"2015-02-06 05:13:00",218.3
"2015-02-06 05:14:00",218.17
"2015-02-06 05:15:00",218.27
"2015-02-06 05:16:00",218.27
"2015-02-06 05:17:00",218.28
"2015-02-06 05:18:00",218.27
"2015-02-06 05:19:00",218.31
"2015-02-06 05:20:00",218.34
"2015-02-06 05:21:00",218.62
"2015-02-06 05:22:00",218.71
"2015-02-06 05:23:00",218.74
"2015-02-06 05:24:00",218.68
"2015-02-06 05:25:00",218.71
"2015-02-06 05:26:00",218.89
"2015-02-06 05:27:00",218.84
"2015-02-06 05:28:00",218.95
"2015-02-06 05:29:00",218.67
"2015-02-06 05:30:00",218.68
"2015-02-06 05:31:00",218.71
"2015-02-06 05:32:00",218.64
"2015-02-06 05:33:00",218.64
"2015-02-06 05:34:00",218.6
"2015-02-06 05:35:00",218.61
"2015-02-06 05:36:00",218.61
"2015-02-06 05:37:00",218.58
"2015-02-06 05:38:00",218.62
"2015-02-06 05:39:00",218.66
"2015-02-06 05:40:00",218.64
"2015-02-06 05:41:00",218.67
"2015-02-06 05:42:00",218.67
"2015-02-06 05:43:00",218.51
"2015-02-06 05:44:00",218.37
"2015-02-06 05:45:00",218.16
"2015-02-06 05:46:00",218.1
"2015-02-06 05:47:00",218.09
"2015-02-06 05:48:00",218.12
"2015-02-06 05:49:00",218.14
"2015-02-06 05:50:00",218.15
"2015-02-06 05:51:00",218.22
"2015-02-06 05:52:00",218.21
"2015-02-06 05:53:00",218.2
"2015-02-06 05:54:00",218.13
"2015-02-06 05:55:00",218.17
"2015-02-06 05:56:00",218.24
"2015-02-06 05:57:00",218.3
"2015-02-06 05:58:00",218.42
"2015-02-06 05:59:00",218.35
"2015-02-06 06:00:00",218.36
"2015-02-06 06:01:00",218.33
"2015-02-06 06:02:00",218.33
"2015-02-06 06:03:00",218.41
"2015-02-06 06:04:00",218.35
"2015-02-06 06:05:00",218.35
"2015-02-06 06:06:00",218.36
"2015-02-06 06:07:00",218.31
"2015-02-06 06:08:00",218.32
"2015-02-06 06:09:00",218.34
"2015-02-06 06:10:00",218.59
"2015-02-06 06:11:00",218.56
"2015-02-06 06:12:00",218.61
"2015-02-06 06:13:00",218.64
"2015-02-06 06:14:00",218.64
"2015-02-06 06:15:00",218.81
"2015-02-06 06:16:00",219.09
"2015-02-06 06:17:00",219.12
"2015-02-06 06:18:00",219.15
"2015-02-06 06:19:00",219.16
"2015-02-06 06:20:00",219.17
"2015-02-06 06:21:00",219.18
"2015-02-06 06:22:00",219.27
"2015-02-06 06:23:00",219.28
"2015-02-06 06:24:00",219.33
"2015-02-06 06:25:00",219.29
"2015-02-06 06:26:00",219.37
"2015-02-06 06:27:00",219.46
"2015-02-06 06:28:00",219.5
"2015-02-06 06:29:00",219.48
"2015-02-06 06:30:00",219.44
"2015-02-06 06:31:00",219.36
"2015-02-06 06:32:00",219.36
"2015-02-06 06:33:00",219.54
"2015-02-06 06:34:00",219.66
"2015-02-06 06:35:00",219.59
"2015-02-06 06:36:00",219.48
"2015-02-06 06:37:00",219.36
"2015-02-06 06:38:00",219.38
"2015-02-06 06:39:00",219.34
"2015-02-06 06:40:00",219.46
"2015-02-06 06:41:00",219.45
"2015-02-06 06:42:00",219.49
"2015-02-06 06:43:00",219.39
"2015-02-06 06:44:00",219.37
"2015-02-06 06:45:00",219.39
"2015-02-06 06:46:00",219.35
"2015-02-06 06:47:00",219.4
"2015-02-06 06:48:00",219.35
"2015-02-06 06:49:00",219.29
"2015-02-06 06:50:00",219.34
"2015-02-06 06:51:00",219.32
"2015-02-06 06:52:00",219.31
"2015-02-06 06:53:00",219.33
"2015-02-06 06:54:00",219.27
"2015-02-06 06:55:00",219.31
"2015-02-06 06:56:00",219.39
"2015-02-06 06:57:00",219.45
"2015-02-06 06:58:00",219.43
"2015-02-06 06:59:00",219.46
"2015-02-06 07:00:00",219.45
"2015-02-06 07:01:00",219.52
"2015-02-06 07:02:00",219.52
"2015-02-06 07:03:00",219.5
"2015-02-06 07:04:00",219.53
"2015-02-06 07:05:00",219.52
"2015-02-06 07:06:00",219.47
"2015-02-06 07:07:00",219.52
"2015-02-06 07:08:00",219.47
"2015-02-06 07:09:00",219.47
"2015-02-06 07:10:00",219.44
"2015-02-06 07:11:00",219.43
"2015-02-06 07:12:00",219.48
"2015-02-06 07:13:00",219.66
"2015-02-06 07:14:00",219.73
"2015-02-06 07:15:00",219.81
"2015-02-06 07:16:00",219.91
"2015-02-06 07:17:00",219.89
"2015-02-06 07:18:00",219.81
"2015-02-06 07:19:00",219.79
"2015-02-06 07:20:00",219.73
"2015-02-06 07:21:00",219.8
"2015-02-06 07:22:00",219.72
"2015-02-06 07:23:00",219.73
"2015-02-06 07:24:00",219.79
"2015-02-06 07:25:00",219.83
"2015-02-06 07:26:00",219.85
"2015-02-06 07:27:00",219.94
"2015-02-06 07:28:00",219.51
"2015-02-06 07:29:00",219.74
"2015-02-06 07:30:00",219.44
"2015-02-06 07:31:00",219.4
"2015-02-06 07:32:00",219.34
"2015-02-06 07:33:00",219.46
"2015-02-06 07:34:00",219.37
"2015-02-06 07:35:00",219.3
"2015-02-06 07:36:00",218.96
"2015-02-06 07:37:00",218.92
"2015-02-06 07:38:00",219.04
"2015-02-06 07:39:00",218.87
"2015-02-06 07:40:00",218.55
"2015-02-06 07:41:00",218.34
"2015-02-06 07:42:00",218.34
"2015-02-06 07:43:00",217.93
"2015-02-06 07:44:00",217.61
"2015-02-06 07:45:00",217.57
"2015-02-06 07:46:00",217.58
"2015-02-06 07:47:00",217.45
"2015-02-06 07:48:00",217.78
"2015-02-06 07:49:00",217.64
"2015-02-06 07:50:00",217.78
"2015-02-06 07:51:00",217.84
"2015-02-06 07:52:00",217.83
"2015-02-06 07:53:00",217.84
"2015-02-06 07:54:00",217.98
"2015-02-06 07:55:00",217.97
"2015-02-06 07:56:00",217.96
"2015-02-06 07:57:00",218.3
"2015-02-06 07:58:00",218.34
"2015-02-06 07:59:00",218.28
"2015-02-06 08:00:00",218.19
"2015-02-06 08:01:00",217.91
"2015-02-06 08:02:00",217.97
"2015-02-06 08:03:00",217.79
"2015-02-06 08:04:00",217.82
"2015-02-06 08:05:00",217.93
"2015-02-06 08:06:00",217.94
"2015-02-06 08:07:00",217.94
"2015-02-06 08:08:00",218.03
"2015-02-06 08:09:00",217.99
"2015-02-06 08:10:00",218.02
"2015-02-06 08:11:00",218.03
"2015-02-06 08:12:00",218.02
"2015-02-06 08:13:00",217.88
"2015-02-06 08:14:00",218.05
"2015-02-06 08:15:00",218.21
"2015-02-06 08:16:00",218.19
"2015-02-06 08:17:00",218.18
"2015-02-06 08:18:00",218.2
"2015-02-06 08:19:00",218.25
"2015-02-06 08:20:00",218.39
"2015-02-06 08:21:00",218.56
"2015-02-06 08:22:00",218.58
"2015-02-06 08:23:00",218.69
"2015-02-06 08:24:00",218.75
"2015-02-06 08:25:00",218.71
"2015-02-06 08:26:00",218.71
"2015-02-06 08:27:00",218.74
"2015-02-06 08:28:00",218.8
"2015-02-06 08:29:00",218.83
"2015-02-06 08:30:00",218.82
"2015-02-06 08:31:00",218.86
"2015-02-06 08:32:00",218.71
"2015-02-06 08:33:00",218.55
"2015-02-06 08:34:00",218.65
"2015-02-06 08:35:00",218.68
"2015-02-06 08:36:00",218.66
"2015-02-06 08:37:00",218.69
"2015-02-06 08:38:00",218.68
"2015-02-06 08:39:00",218.65
"2015-02-06 08:40:00",218.68
"2015-02-06 08:41:00",218.81
"2015-02-06 08:42:00",218.75
"2015-02-06 08:43:00",218.74
"2015-02-06 08:44:00",218.76
"2015-02-06 08:45:00",218.9
"2015-02-06 08:46:00",218.9
"2015-02-06 08:47:00",218.79
"2015-02-06 08:48:00",218.75
"2015-02-06 08:49:00",218.71
"2015-02-06 08:50:00",218.72
"2015-02-06 08:51:00",218.75
"2015-02-06 08:52:00",218.67
"2015-02-06 08:53:00",218.68
"2015-02-06 08:54:00",218.68
"2015-02-06 08:55:00",218.69
"2015-02-06 08:56:00",218.8
"2015-02-06 08:57:00",218.7
"2015-02-06 08:58:00",218.76
"2015-02-06 08:59:00",218.83
"2015-02-06 09:00:00",218.92
"2015-02-06 09:01:00",218.95
"2015-02-06 09:02:00",218.8
"2015-02-06 09:03:00",218.81
"2015-02-06 09:04:00",218.68
"2015-02-06 09:05:00",218.64
"2015-02-06 09:06:00",218.67
"2015-02-06 09:07:00",218.67
"2015-02-06 09:08:00",218.66
"2015-02-06 09:09:00",218.63
"2015-02-06 09:10:00",218.63
"2015-02-06 09:11:00",218.62
"2015-02-06 09:12:00",218.64
"2015-02-06 09:13:00",218.72
"2015-02-06 09:14:00",218.75
"2015-02-06 09:15:00",218.83
"2015-02-06 09:16:00",218.97
"2015-02-06 09:17:00",218.85
"2015-02-06 09:18:00",218.86
"2015-02-06 09:19:00",218.88
"2015-02-06 09:20:00",218.92
"2015-02-06 09:21:00",218.94
"2015-02-06 09:22:00",218.96
"2015-02-06 09:23:00",219.19
"2015-02-06 09:24:00",219.22
"2015-02-06 09:25:00",219.14
"2015-02-06 09:26:00",219.09
"2015-02-06 09:27:00",219.08
"2015-02-06 09:28:00",219.13
"2015-02-06 09:29:00",219.13
"2015-02-06 09:30:00",219.13
"2015-02-06 09:31:00",219.17
"2015-02-06 09:32:00",219.1
"2015-02-06 09:33:00",219.1
"2015-02-06 09:34:00",219.07
"2015-02-06 09:35:00",219.03
"2015-02-06 09:36:00",219.07
"2015-02-06 09:37:00",218.98
"2015-02-06 09:38:00",219.03
"2015-02-06 09:39:00",219.04
"2015-02-06 09:40:00",219.08
"2015-02-06 09:41:00",218.99
"2015-02-06 09:42:00",218.98
"2015-02-06 09:43:00",218.99
"2015-02-06 09:44:00",218.96
"2015-02-06 09:45:00",219.04
"2015-02-06 09:46:00",219.05
"2015-02-06 09:47:00",219.03
"2015-02-06 09:48:00",219.01
"2015-02-06 09:49:00",219.04
"2015-02-06 09:50:00",219.15
"2015-02-06 09:51:00",219.09
"2015-02-06 09:52:00",219.01
"2015-02-06 09:53:00",219.09
"2015-02-06 09:54:00",218.97
"2015-02-06 09:55:00",219.06
"2015-02-06 09:56:00",219.07
"2015-02-06 09:57:00",218.79
"2015-02-06 09:58:00",218.61
"2015-02-06 09:59:00",218.68
"2015-02-06 10:00:00",218.54
"2015-02-06 10:01:00",218.6
"2015-02-06 10:02:00",218.6
"2015-02-06 10:03:00",218.67
"2015-02-06 10:04:00",218.53
"2015-02-06 10:05:00",218.62
"2015-02-06 10:06:00",218.56
"2015-02-06 10:07:00",218.72
"2015-02-06 10:08:00",218.76
"2015-02-06 10:09:00",218.98
"2015-02-06 10:10:00",219.13
"2015-02-06 10:11:00",218.96
"2015-02-06 10:12:00",218.97
"2015-02-06 10:13:00",219.18
"2015-02-06 10:14:00",219.36
"2015-02-06 10:15:00",219.33
"2015-02-06 10:16:00",219.29
"2015-02-06 10:17:00",219.26
"2015-02-06 10:18:00",219.14
"2015-02-06 10:19:00",218.97
"2015-02-06 10:20:00",218.8
"2015-02-06 10:21:00",218.61
"2015-02-06 10:22:00",218.47
"2015-02-06 10:23:00",218.34
"2015-02-06 10:24:00",218.17
"2015-02-06 10:25:00",218.09
"2015-02-06 10:26:00",218.21
"2015-02-06 10:27:00",218.24
"2015-02-06 10:28:00",218.3
"2015-02-06 10:29:00",218.29
"2015-02-06 10:30:00",218.29
"2015-02-06 10:31:00",218.48
"2015-02-06 10:32:00",218.41
"2015-02-06 10:33:00",218.37
"2015-02-06 10:34:00",218.28
"2015-02-06 10:35:00",218.16
"2015-02-06 10:36:00",218.14
"2015-02-06 10:37:00",218.15
"2015-02-06 10:38:00",218.17
"2015-02-06 10:39:00",218.11
"2015-02-06 10:40:00",218.13
"2015-02-06 10:41:00",218.15
"2015-02-06 10:42:00",218.19
"2015-02-06 10:43:00",218.2
"2015-02-06 10:44:00",218.13
"2015-02-06 10:45:00",218.15
"2015-02-06 10:46:00",217.99
"2015-02-06 10:47:00",217.99
"2015-02-06 10:48:00",218.07
"2015-02-06 10:49:00",217.88
"2015-02-06 10:50:00",217.49
"2015-02-06 10:51:00",217
"2015-02-06 10:52:00",216.51
"2015-02-06 10:53:00",216.47
"2015-02-06 10:54:00",216.37
"2015-02-06 10:55:00",216.52
"2015-02-06 10:56:00",216.66
"2015-02-06 10:57:00",216.82
"2015-02-06 10:58:00",217
"2015-02-06 10:59:00",216.97
"2015-02-06 11:00:00",217.06
"2015-02-06 11:01:00",217.04
"2015-02-06 11:02:00",217.1
"2015-02-06 11:03:00",217.05
"2015-02-06 11:04:00",216.99
"2015-02-06 11:05:00",217
"2015-02-06 11:06:00",217.04
"2015-02-06 11:07:00",217.13
"2015-02-06 11:08:00",217.08
"2015-02-06 11:09:00",217
"2015-02-06 11:10:00",216.99
"2015-02-06 11:11:00",217.01
"2015-02-06 11:12:00",216.99
"2015-02-06 11:13:00",216.98
"2015-02-06 11:14:00",216.97
"2015-02-06 11:15:00",216.94
"2015-02-06 11:16:00",217
"2015-02-06 11:17:00",217.02
"2015-02-06 11:18:00",216.98
"2015-02-06 11:19:00",217
"2015-02-06 11:20:00",217.05
"2015-02-06 11:21:00",217.22
"2015-02-06 11:22:00",217.29
"2015-02-06 11:23:00",217.31
"2015-02-06 11:24:00",217.18
"2015-02-06 11:25:00",217.17
"2015-02-06 11:26:00",217.19
"2015-02-06 11:27:00",217.23
"2015-02-06 11:28:00",217.32
"2015-02-06 11:29:00",217.26
"2015-02-06 11:30:00",217.25
"2015-02-06 11:31:00",217.22
"2015-02-06 11:32:00",217.24
"2015-02-06 11:33:00",217.27
"2015-02-06 11:34:00",217.3
"2015-02-06 11:35:00",217.4
"2015-02-06 11:36:00",217.34
"2015-02-06 11:37:00",217.43
"2015-02-06 11:38:00",217.37
"2015-02-06 11:39:00",217.32
"2015-02-06 11:40:00",217.34
"2015-02-06 11:41:00",217.24
"2015-02-06 11:42:00",217.25
"2015-02-06 11:43:00",217.32
"2015-02-06 11:44:00",217.31
"2015-02-06 11:45:00",217.38
"2015-02-06 11:46:00",217.32
"2015-02-06 11:47:00",217.34
"2015-02-06 11:48:00",217.35
"2015-02-06 11:49:00",217.42
"2015-02-06 11:50:00",217.34
"2015-02-06 11:51:00",217.35
"2015-02-06 11:52:00",217.34
"2015-02-06 11:53:00",217.37
"2015-02-06 11:54:00",217.36
"2015-02-06 11:55:00",217.34
"2015-02-06 11:56:00",217.35
"2015-02-06 11:57:00",217.34
"2015-02-06 11:58:00",217.32
"2015-02-06 11:59:00",217.37
"2015-02-06 12:00:00",217.24
"2015-02-06 12:01:00",217.12
"2015-02-06 12:02:00",217.1
"2015-02-06 12:03:00",217.07
"2015-02-06 12:04:00",217.05
"2015-02-06 12:05:00",216.93
"2015-02-06 12:06:00",216.89
"2015-02-06 12:07:00",216.89
"2015-02-06 12:08:00",216.81
"2015-02-06 12:09:00",216.84
"2015-02-06 12:10:00",216.86
"2015-02-06 12:11:00",216.89
"2015-02-06 12:12:00",216.97
"2015-02-06 12:13:00",217.01
"2015-02-06 12:14:00",216.91
"2015-02-06 12:15:00",216.99
"2015-02-06 12:16:00",216.98
"2015-02-06 12:17:00",217.01
"2015-02-06 12:18:00",217
"2015-02-06 12:19:00",217.05
"2015-02-06 12:20:00",216.95
"2015-02-06 12:21:00",217.08
"2015-02-06 12:22:00",217.07
"2015-02-06 12:23:00",217.07
"2015-02-06 12:24:00",217.05
"2015-02-06 12:25:00",217.17
"2015-02-06 12:26:00",217.32
"2015-02-06 12:27:00",217.45
"2015-02-06 12:28:00",217.51
"2015-02-06 12:29:00",217.52
"2015-02-06 12:30:00",217.52
"2015-02-06 12:31:00",217.65
"2015-02-06 12:32:00",217.63
"2015-02-06 12:33:00",217.69
"2015-02-06 12:34:00",217.81
"2015-02-06 12:35:00",217.74
"2015-02-06 12:36:00",217.68
"2015-02-06 12:37:00",217.67
"2015-02-06 12:38:00",217.47
"2015-02-06 12:39:00",217.55
"2015-02-06 12:40:00",217.5
"2015-02-06 12:41:00",217.48
"2015-02-06 12:42:00",217.56
"2015-02-06 12:43:00",217.57
"2015-02-06 12:44:00",217.54
"2015-02-06 12:45:00",217.58
"2015-02-06 12:46:00",217.61
"2015-02-06 12:47:00",217.6
"2015-02-06 12:48:00",217.61
"2015-02-06 12:49:00",217.7
"2015-02-06 12:50:00",217.68
"2015-02-06 12:51:00",217.81
"2015-02-06 12:52:00",217.91
"2015-02-06 12:53:00",217.85
"2015-02-06 12:54:00",217.88
"2015-02-06 12:55:00",217.82
"2015-02-06 12:56:00",217.76
"2015-02-06 12:57:00",217.85
"2015-02-06 12:58:00",217.76
"2015-02-06 12:59:00",217.71
"2015-02-06 13:00:00",217.66
"2015-02-06 13:01:00",217.71
"2015-02-06 13:02:00",217.74
"2015-02-06 13:03:00",217.77
"2015-02-06 13:04:00",217.75
"2015-02-06 13:05:00",217.72
"2015-02-06 13:06:00",217.86
"2015-02-06 13:07:00",217.96
"2015-02-06 13:08:00",217.89
"2015-02-06 13:09:00",217.8
"2015-02-06 13:10:00",217.81
"2015-02-06 13:11:00",217.84
"2015-02-06 13:12:00",217.82
"2015-02-06 13:13:00",217.84
"2015-02-06 13:14:00",217.94
"2015-02-06 13:15:00",217.97
"2015-02-06 13:16:00",217.98
"2015-02-06 13:17:00",217.9
"2015-02-06 13:18:00",217.95
"2015-02-06 13:19:00",217.94
"2015-02-06 13:20:00",217.82
"2015-02-06 13:21:00",217.87
"2015-02-06 13:22:00",217.99
"2015-02-06 13:23:00",217.94
"2015-02-06 13:24:00",217.92
"2015-02-06 13:25:00",217.95
"2015-02-06 13:26:00",217.97
"2015-02-06 13:27:00",218.01
"2015-02-06 13:28:00",217.98
"2015-02-06 13:29:00",218.01
"2015-02-06 13:30:00",218.02
"2015-02-06 13:31:00",218.09
"2015-02-06 13:32:00",217.99
"2015-02-06 13:33:00",218.04
"2015-02-06 13:34:00",218.27
"2015-02-06 13:35:00",218.35
"2015-02-06 13:36:00",218.35
"2015-02-06 13:37:00",218.34
"2015-02-06 13:38:00",218.27
"2015-02-06 13:39:00",218.43
"2015-02-06 13:40:00",218.46
"2015-02-06 13:41:00",218.52
"2015-02-06 13:42:00",218.52
"2015-02-06 13:43:00",218.72
"2015-02-06 13:44:00",218.69
"2015-02-06 13:45:00",218.53
"2015-02-06 13:46:00",218.6
"2015-02-06 13:47:00",218.68
"2015-02-06 13:48:00",218.65
"2015-02-06 13:49:00",218.8
"2015-02-06 13:50:00",218.97
"2015-02-06 13:51:00",219.11
"2015-02-06 13:52:00",219.3
"2015-02-06 13:53:00",219.23
"2015-02-06 13:54:00",219.18
"2015-02-06 13:55:00",219.15
"2015-02-06 13:56:00",219.1
"2015-02-06 13:57:00",218.97
"2015-02-06 13:58:00",219.48
"2015-02-06 13:59:00",220.07
"2015-02-06 14:00:00",220.57
"2015-02-06 14:01:00",220.53
"2015-02-06 14:02:00",220.98
"2015-02-06 14:03:00",221.57
"2015-02-06 14:04:00",221.39
"2015-02-06 14:05:00",221.31
"2015-02-06 14:06:00",221.42
"2015-02-06 14:07:00",221.36
"2015-02-06 14:08:00",221.45
"2015-02-06 14:09:00",221.73
"2015-02-06 14:10:00",221.44
"2015-02-06 14:11:00",221.09
"2015-02-06 14:12:00",220.67
"2015-02-06 14:13:00",220.78
"2015-02-06 14:14:00",221.04
"2015-02-06 14:15:00",221.01
"2015-02-06 14:16:00",220.98
"2015-02-06 14:17:00",220.98
"2015-02-06 14:18:00",221.1
"2015-02-06 14:19:00",221.08
"2015-02-06 14:20:00",221.09
"2015-02-06 14:21:00",221.24
"2015-02-06 14:22:00",221.6
"2015-02-06 14:23:00",221.94
"2015-02-06 14:24:00",223.04
"2015-02-06 14:25:00",223.48
"2015-02-06 14:26:00",223.29
"2015-02-06 14:27:00",223.54
"2015-02-06 14:28:00",223.32
"2015-02-06 14:29:00",223.32
"2015-02-06 14:30:00",223.01
"2015-02-06 14:31:00",222.86
"2015-02-06 14:32:00",222.6
"2015-02-06 14:33:00",222.67
"2015-02-06 14:34:00",222.72
"2015-02-06 14:35:00",222.59
"2015-02-06 14:36:00",222.7
"2015-02-06 14:37:00",222.89
"2015-02-06 14:38:00",222.89
"2015-02-06 14:39:00",222.91
"2015-02-06 14:40:00",222.71
"2015-02-06 14:41:00",221.87
"2015-02-06 14:42:00",221.77
"2015-02-06 14:43:00",221.68
"2015-02-06 14:44:00",221.76
"2015-02-06 14:45:00",221.85
"2015-02-06 14:46:00",221.86
"2015-02-06 14:47:00",221.84
"2015-02-06 14:48:00",221.82
"2015-02-06 14:49:00",221.85
"2015-02-06 14:50:00",221.87
"2015-02-06 14:51:00",221.92
"2015-02-06 14:52:00",222.21
"2015-02-06 14:53:00",222.39
"2015-02-06 14:54:00",222.5
"2015-02-06 14:55:00",222.74
"2015-02-06 14:56:00",222.89
"2015-02-06 14:57:00",223.01
"2015-02-06 14:58:00",222.97
"2015-02-06 14:59:00",223.18
"2015-02-06 15:00:00",223.08
"2015-02-06 15:01:00",223.24
"2015-02-06 15:02:00",223.4
"2015-02-06 15:03:00",223.32
"2015-02-06 15:04:00",223.23
"2015-02-06 15:05:00",223.28
"2015-02-06 15:06:00",223.02
"2015-02-06 15:07:00",222.47
"2015-02-06 15:08:00",221.74
"2015-02-06 15:09:00",221.33
"2015-02-06 15:10:00",221.5
"2015-02-06 15:11:00",221.55
"2015-02-06 15:12:00",221.83
"2015-02-06 15:13:00",221.93
"2015-02-06 15:14:00",221.94
"2015-02-06 15:15:00",221.94
"2015-02-06 15:16:00",222.14
"2015-02-06 15:17:00",222.2
"2015-02-06 15:18:00",222.36
"2015-02-06 15:19:00",222.32
"2015-02-06 15:20:00",222.69
"2015-02-06 15:21:00",222.67
"2015-02-06 15:22:00",222.73
"2015-02-06 15:23:00",222.85
"2015-02-06 15:24:00",222.74
"2015-02-06 15:25:00",222.72
"2015-02-06 15:26:00",222.73
"2015-02-06 15:27:00",222.72
"2015-02-06 15:28:00",222.67
"2015-02-06 15:29:00",222.6
"2015-02-06 15:30:00",222.47
"2015-02-06 15:31:00",222.72
"2015-02-06 15:32:00",222.6
"2015-02-06 15:33:00",222.42
"2015-02-06 15:34:00",222.33
"2015-02-06 15:35:00",222.32
"2015-02-06 15:36:00",222.42
"2015-02-06 15:37:00",222.48
"2015-02-06 15:38:00",222.57
"2015-02-06 15:39:00",222.54
"2015-02-06 15:40:00",222.54
"2015-02-06 15:41:00",222.54
"2015-02-06 15:42:00",222.53
"2015-02-06 15:43:00",222.59
"2015-02-06 15:44:00",222.68
"2015-02-06 15:45:00",222.64
"2015-02-06 15:46:00",222.7
"2015-02-06 15:47:00",222.79
"2015-02-06 15:48:00",222.75
"2015-02-06 15:49:00",222.83
"2015-02-06 15:50:00",222.92
"2015-02-06 15:51:00",223.12
"2015-02-06 15:52:00",223.38
"2015-02-06 15:53:00",223.35
"2015-02-06 15:54:00",223.43
"2015-02-06 15:55:00",223.32
"2015-02-06 15:56:00",223.4
"2015-02-06 15:57:00",223.54
"2015-02-06 15:58:00",223.72
"2015-02-06 15:59:00",224.16
"2015-02-06 16:00:00",224.64
"2015-02-06 16:01:00",224.52
"2015-02-06 16:02:00",225.17
"2015-02-06 16:03:00",225.54
"2015-02-06 16:04:00",225.05
"2015-02-06 16:05:00",224.8
"2015-02-06 16:06:00",224.68
"2015-02-06 16:07:00",224.69
"2015-02-06 16:08:00",224.82
"2015-02-06 16:09:00",225.06
"2015-02-06 16:10:00",224.92
"2015-02-06 16:11:00",225.03
"2015-02-06 16:12:00",225.24
"2015-02-06 16:13:00",225.41
"2015-02-06 16:14:00",225.1
"2015-02-06 16:15:00",225.11
"2015-02-06 16:16:00",225.12
"2015-02-06 16:17:00",225
"2015-02-06 16:18:00",224.99
"2015-02-06 16:19:00",224.79
"2015-02-06 16:20:00",224.76
"2015-02-06 16:21:00",224.48
"2015-02-06 16:22:00",224.21
"2015-02-06 16:23:00",223.94
"2015-02-06 16:24:00",223.88
"2015-02-06 16:25:00",224.01
"2015-02-06 16:26:00",224.04
"2015-02-06 16:27:00",223.98
"2015-02-06 16:28:00",224.02
"2015-02-06 16:29:00",223.84
"2015-02-06 16:30:00",223.85
"2015-02-06 16:31:00",223.92
"2015-02-06 16:32:00",223.97
"2015-02-06 16:33:00",224.07
"2015-02-06 16:34:00",224.16
"2015-02-06 16:35:00",224.28
"2015-02-06 16:36:00",224.23
"2015-02-06 16:37:00",224.18
"2015-02-06 16:38:00",224.16
"2015-02-06 16:39:00",224.02
"2015-02-06 16:40:00",223.94
"2015-02-06 16:41:00",223.6
"2015-02-06 16:42:00",223.48
"2015-02-06 16:43:00",223.33
"2015-02-06 16:44:00",223.29
"2015-02-06 16:45:00",223.32
"2015-02-06 16:46:00",223.5
"2015-02-06 16:47:00",223.13
"2015-02-06 16:48:00",223.05
"2015-02-06 16:49:00",222.99

"This data was produced from the CoinDesk Bitcoin Price Index. BPI value data is listed in USD."
http://www.coindesk.com/price/
